{"type":"FeatureCollection","features":[{"type":"Feature","properties":{"id":26,"name":"京都府","nam":"Kyoto Fu"},"geometry":{"type":"MultiPolygon","coordinates":[[[[135.037,35.537],[134.926,35.513],[134.854,35.588],[134.867,35.658],[134.935,35.651],[135.086,35.74],[135.223,35.779],[135.308,35.694],[135.303,35.663],[135.268,35.667],[135.193,35.571],[135.193,35.538],[135.255,35.599],[135.251,35.57],[135.274,35.561],[135.245,35.561],[135.244,35.536],[135.33,35.517],[135.316,35.451],[135.347,35.494],[135.398,35.479],[135.396,35.515],[135.344,35.504],[135.342,35.552],[135.426,35.567],[135.462,35.603],[135.452,35.567],[135.486,35.558],[135.449,35.524],[135.475,35.505],[135.459,35.468],[135.525,35.421],[135.529,35.38],[135.701,35.344],[135.768,35.356],[135.831,35.276],[135.858,35.289],[135.829,35.221],[135.856,35.159],[135.815,35.046],[135.827,34.991],[135.878,34.947],[135.866,34.892],[135.898,34.871],[135.941,34.893],[135.946,34.852],[136.005,34.843],[136.028,34.819],[136.01,34.801],[136.029,34.757],[136.055,34.738],[136.029,34.706],[135.986,34.715],[135.975,34.741],[135.925,34.74],[135.925,34.758],[135.89,34.709],[135.755,34.727],[135.728,34.778],[135.745,34.804],[135.675,34.899],[135.631,34.935],[135.6,34.928],[135.613,34.971],[135.573,34.972],[135.557,34.938],[135.581,34.924],[135.542,34.915],[135.481,34.949],[135.487,34.992],[135.382,35.01],[135.369,35.054],[135.403,35.089],[135.389,35.129],[135.282,35.145],[135.274,35.177],[135.187,35.172],[135.197,35.203],[135.156,35.226],[135.158,35.26],[135.109,35.266],[135.068,35.237],[135.057,35.264],[134.926,35.311],[134.934,35.407],[134.99,35.386],[135.048,35.407],[135.037,35.537]]],[[[135.423,35.676],[135.421,35.68],[135.423,35.684],[135.424,35.688],[135.427,35.682],[135.423,35.676]]],[[[135.478,35.593],[135.475,35.596],[135.476,35.599],[135.477,35.603],[135.478,35.606],[135.48,35.604],[135.481,35.594],[135.478,35.593]]],[[[135.339,35.494],[135.339,35.497],[135.34,35.499],[135.347,35.497],[135.347,35.496],[135.339,35.494]]]]}},{"type":"Feature","properties":{"id":41,"name":"佐賀県","nam":"Saga Ken"},"geometry":{"type":"MultiPolygon","coordinates":[[[[129.862,33.588],[129.858,33.589],[129.858,33.592],[129.853,33.593],[129.848,33.6],[129.85,33.599],[129.85,33.601],[129.852,33.605],[129.852,33.605],[129.853,33.609],[129.858,33.612],[129.855,33.616],[129.861,33.618],[129.864,33.617],[129.862,33.614],[129.863,33.612],[129.858,33.609],[129.862,33.609],[129.859,33.604],[129.861,33.597],[129.862,33.597],[129.867,33.597],[129.865,33.591],[129.862,33.588]]],[[[129.893,33.593],[129.894,33.596],[129.894,33.597],[129.893,33.598],[129.897,33.604],[129.899,33.603],[129.902,33.603],[129.901,33.599],[129.902,33.596],[129.901,33.594],[129.899,33.595],[129.896,33.594],[129.893,33.593]]],[[[129.837,33.584],[129.834,33.587],[129.835,33.589],[129.838,33.588],[129.842,33.592],[129.846,33.591],[129.845,33.587],[129.845,33.586],[129.841,33.585],[129.837,33.584]]],[[[129.757,33.563],[129.741,33.578],[129.768,33.582],[129.757,33.563]]],[[[129.874,33.544],[129.872,33.547],[129.872,33.547],[129.875,33.549],[129.874,33.553],[129.873,33.558],[129.877,33.562],[129.878,33.565],[129.88,33.567],[129.889,33.56],[129.887,33.556],[129.889,33.556],[129.892,33.556],[129.891,33.554],[129.889,33.552],[129.886,33.55],[129.88,33.547],[129.88,33.545],[129.874,33.544]]],[[[130.039,33.47],[130.277,33.478],[130.395,33.427],[130.41,33.395],[130.496,33.445],[130.536,33.438],[130.535,33.343],[130.479,33.331],[130.449,33.265],[130.431,33.292],[130.415,33.253],[130.371,33.243],[130.377,33.22],[130.339,33.203],[130.355,33.14],[130.288,33.147],[130.245,33.203],[130.215,33.199],[130.222,33.165],[130.149,33.113],[130.122,33.125],[130.112,33.101],[130.14,33.094],[130.22,32.96],[130.086,32.975],[130.009,33.019],[129.921,33.09],[129.954,33.117],[129.943,33.164],[129.888,33.156],[129.818,33.183],[129.813,33.242],[129.759,33.29],[129.79,33.34],[129.853,33.292],[129.827,33.337],[129.847,33.337],[129.868,33.408],[129.823,33.412],[129.783,33.454],[129.806,33.457],[129.805,33.485],[129.835,33.444],[129.858,33.454],[129.831,33.476],[129.827,33.518],[129.856,33.505],[129.845,33.555],[129.874,33.516],[129.896,33.549],[129.956,33.529],[129.967,33.509],[129.936,33.479],[129.962,33.484],[129.967,33.455],[130.019,33.446],[130.039,33.47]]],[[[129.967,33.527],[129.964,33.528],[129.964,33.531],[129.97,33.538],[129.97,33.54],[129.965,33.538],[129.964,33.539],[129.972,33.543],[129.976,33.542],[129.977,33.535],[129.973,33.529],[129.967,33.527]]],[[[129.989,33.472],[129.988,33.473],[129.986,33.473],[129.985,33.478],[129.989,33.481],[129.993,33.478],[129.992,33.472],[129.989,33.472]]],[[[129.856,33.402],[129.856,33.405],[129.857,33.404],[129.858,33.402],[129.857,33.403],[129.856,33.402]]],[[[129.86,33.399],[129.861,33.402],[129.864,33.403],[129.866,33.403],[129.86,33.399]]],[[[129.835,33.319],[129.835,33.321],[129.835,33.323],[129.839,33.319],[129.835,33.319]]],[[[130.217,32.951],[130.215,32.952],[130.213,32.955],[130.216,32.959],[130.22,32.958],[130.222,32.958],[130.224,32.957],[130.222,32.954],[130.219,32.955],[130.218,32.953],[130.217,32.951]]]]}},{"type":"Feature","properties":{"id":43,"name":"熊本県","nam":"Kumamoto Ken"},"geometry":{"type":"MultiPolygon","coordinates":[[[[131.11,33.183],[131.263,32.976],[131.245,32.959],[131.255,32.892],[131.329,32.833],[131.265,32.826],[131.234,32.744],[131.179,32.711],[131.175,32.673],[131.143,32.676],[131.116,32.643],[131.107,32.583],[131.05,32.587],[131.017,32.545],[131.019,32.439],[131.066,32.407],[131.074,32.357],[131.111,32.328],[131.078,32.281],[131.05,32.286],[131.042,32.25],[131.1,32.201],[131.108,32.16],[131.013,32.174],[130.972,32.121],[130.904,32.133],[130.857,32.1],[130.758,32.097],[130.701,32.106],[130.604,32.187],[130.539,32.137],[130.404,32.12],[130.359,32.18],[130.379,32.176],[130.372,32.203],[130.402,32.235],[130.439,32.237],[130.427,32.264],[130.489,32.296],[130.464,32.326],[130.505,32.354],[130.489,32.366],[130.573,32.434],[130.569,32.475],[130.542,32.495],[130.573,32.509],[130.539,32.533],[130.633,32.603],[130.616,32.617],[130.653,32.613],[130.66,32.631],[130.459,32.607],[130.459,32.633],[130.607,32.713],[130.59,32.764],[130.613,32.792],[130.583,32.842],[130.523,32.852],[130.523,32.881],[130.443,32.914],[130.413,33.003],[130.505,33.003],[130.497,33.052],[130.58,33.116],[130.659,33.11],[130.679,33.171],[130.988,33.024],[131.023,33.087],[130.978,33.141],[130.992,33.183],[131.11,33.183]]],[[[130.422,32.546],[130.393,32.587],[130.441,32.625],[130.452,32.554],[130.422,32.546]]],[[[130.487,32.576],[130.473,32.603],[130.508,32.607],[130.487,32.576]]],[[[130.34,32.599],[130.335,32.6],[130.33,32.605],[130.334,32.606],[130.342,32.604],[130.34,32.599]]],[[[130.449,32.594],[130.448,32.597],[130.449,32.597],[130.451,32.597],[130.449,32.594]]],[[[130.471,32.593],[130.47,32.595],[130.473,32.594],[130.471,32.593],[130.471,32.593]]],[[[130.464,32.54],[130.472,32.588],[130.486,32.571],[130.464,32.54]]],[[[130.382,32.58],[130.38,32.583],[130.388,32.587],[130.389,32.587],[130.391,32.584],[130.39,32.583],[130.387,32.581],[130.382,32.58]]],[[[130.454,32.567],[130.452,32.568],[130.455,32.573],[130.456,32.572],[130.454,32.567]]],[[[130.104,32.55],[130.113,32.553],[130.122,32.552],[130.122,32.55],[130.115,32.55],[130.104,32.55]]],[[[130.353,32.405],[130.349,32.421],[130.329,32.398],[130.261,32.41],[130.234,32.385],[130.244,32.408],[130.211,32.431],[130.193,32.388],[130.219,32.392],[130.224,32.366],[130.204,32.326],[130.172,32.31],[130.176,32.339],[130.158,32.336],[130.139,32.297],[130.165,32.297],[130.092,32.255],[130.077,32.212],[130.028,32.214],[130.022,32.189],[130.0,32.19],[130.01,32.237],[129.967,32.243],[130.012,32.299],[130.032,32.274],[130.028,32.299],[130.051,32.303],[130.06,32.277],[130.07,32.3],[129.994,32.307],[129.977,32.33],[130.046,32.489],[130.019,32.535],[130.043,32.512],[130.118,32.548],[130.185,32.548],[130.199,32.448],[130.317,32.517],[130.383,32.524],[130.392,32.499],[130.46,32.53],[130.403,32.395],[130.355,32.377],[130.353,32.405]]],[[[130.389,32.543],[130.388,32.545],[130.391,32.547],[130.395,32.545],[130.389,32.543]]],[[[130.417,32.538],[130.414,32.54],[130.411,32.543],[130.408,32.544],[130.405,32.544],[130.409,32.547],[130.411,32.546],[130.414,32.546],[130.415,32.545],[130.416,32.545],[130.419,32.544],[130.42,32.542],[130.421,32.543],[130.422,32.541],[130.423,32.543],[130.424,32.542],[130.426,32.543],[130.428,32.543],[130.428,32.541],[130.417,32.538]]],[[[130.193,32.54],[130.195,32.544],[130.197,32.544],[130.197,32.541],[130.193,32.54]]],[[[130.401,32.536],[130.399,32.538],[130.396,32.538],[130.394,32.54],[130.397,32.543],[130.399,32.543],[130.402,32.543],[130.404,32.543],[130.405,32.543],[130.406,32.538],[130.405,32.54],[130.401,32.536]]],[[[130.438,32.532],[130.435,32.532],[130.438,32.538],[130.439,32.537],[130.438,32.532]]],[[[130.433,32.528],[130.431,32.529],[130.43,32.532],[130.431,32.533],[130.433,32.531],[130.436,32.529],[130.433,32.528]]],[[[130.373,32.527],[130.372,32.528],[130.372,32.531],[130.373,32.533],[130.373,32.527]]],[[[130.426,32.521],[130.422,32.523],[130.423,32.526],[130.428,32.529],[130.43,32.527],[130.431,32.526],[130.428,32.521],[130.426,32.521]]],[[[130.49,32.484],[130.497,32.486],[130.498,32.488],[130.497,32.489],[130.497,32.489],[130.5,32.489],[130.502,32.485],[130.497,32.484],[130.49,32.484]]],[[[130.229,32.404],[130.228,32.404],[130.23,32.407],[130.231,32.406],[130.23,32.405],[130.229,32.404]]],[[[130.232,32.399],[130.23,32.4],[130.231,32.403],[130.231,32.401],[130.233,32.401],[130.232,32.399]]],[[[130.419,32.367],[130.413,32.399],[130.436,32.382],[130.419,32.367]]],[[[130.327,32.386],[130.326,32.392],[130.327,32.395],[130.329,32.395],[130.33,32.395],[130.327,32.386]]],[[[130.406,32.387],[130.402,32.387],[130.398,32.387],[130.399,32.394],[130.402,32.393],[130.402,32.389],[130.405,32.389],[130.406,32.387]]],[[[130.336,32.384],[130.34,32.389],[130.34,32.39],[130.343,32.392],[130.336,32.384]]],[[[130.319,32.37],[130.318,32.377],[130.322,32.38],[130.323,32.382],[130.326,32.38],[130.327,32.379],[130.326,32.378],[130.323,32.378],[130.324,32.376],[130.324,32.372],[130.323,32.37],[130.319,32.37]]],[[[130.23,32.366],[130.228,32.37],[130.228,32.372],[130.23,32.375],[130.229,32.377],[130.234,32.38],[130.235,32.373],[130.234,32.366],[130.23,32.366]]],[[[130.305,32.367],[130.308,32.374],[130.309,32.372],[130.309,32.371],[130.305,32.367]]],[[[130.347,32.361],[130.344,32.365],[130.344,32.365],[130.341,32.366],[130.341,32.369],[130.344,32.372],[130.349,32.373],[130.347,32.368],[130.351,32.369],[130.354,32.365],[130.351,32.361],[130.347,32.361]]],[[[130.309,32.339],[130.323,32.348],[130.303,32.363],[130.34,32.356],[130.309,32.339]]],[[[130.358,32.351],[130.357,32.352],[130.358,32.356],[130.36,32.354],[130.358,32.351]]],[[[130.302,32.304],[130.346,32.35],[130.373,32.348],[130.302,32.304]]],[[[130.287,32.337],[130.284,32.337],[130.287,32.339],[130.288,32.34],[130.289,32.341],[130.287,32.337]]],[[[130.212,32.336],[130.211,32.337],[130.211,32.337],[130.21,32.337],[130.21,32.338],[130.211,32.338],[130.211,32.338],[130.212,32.338],[130.213,32.338],[130.213,32.337],[130.213,32.337],[130.212,32.337],[130.212,32.336]]],[[[130.299,32.323],[130.298,32.326],[130.294,32.333],[130.296,32.333],[130.303,32.336],[130.299,32.329],[130.301,32.328],[130.303,32.327],[130.299,32.323]]],[[[130.136,32.262],[130.131,32.268],[130.137,32.275],[130.14,32.277],[130.144,32.275],[130.146,32.275],[130.15,32.27],[130.146,32.265],[130.136,32.262]]],[[[129.97,32.201],[129.972,32.207],[129.974,32.207],[129.975,32.207],[129.973,32.203],[129.97,32.201]]],[[[130.071,32.194],[130.069,32.195],[130.077,32.201],[130.079,32.201],[130.081,32.198],[130.078,32.195],[130.075,32.195],[130.071,32.194]]],[[[130.362,32.194],[130.36,32.196],[130.363,32.2],[130.365,32.2],[130.367,32.2],[130.368,32.2],[130.362,32.194]]],[[[130.046,32.157],[130.016,32.162],[130.019,32.186],[130.046,32.157]]],[[[129.973,32.177],[129.97,32.179],[129.965,32.181],[129.963,32.187],[129.966,32.186],[129.969,32.184],[129.973,32.177]]],[[[130.013,32.183],[130.013,32.186],[130.015,32.186],[130.015,32.183],[130.013,32.183]]],[[[130.048,32.174],[130.041,32.179],[130.045,32.178],[130.047,32.176],[130.048,32.174]]],[[[130.052,32.162],[130.051,32.169],[130.054,32.165],[130.055,32.162],[130.052,32.162]]],[[[130.045,32.153],[130.04,32.154],[130.041,32.158],[130.042,32.154],[130.044,32.154],[130.045,32.153]]],[[[129.974,32.144],[129.971,32.145],[129.973,32.149],[129.973,32.145],[129.974,32.144]]]]}},{"type":"Feature","properties":{"id":37,"name":"香川県","nam":"Kagawa Ken"},"geometry":{"type":"MultiPolygon","coordinates":[[[[134.332,34.563],[134.365,34.561],[134.344,34.546],[134.359,34.53],[134.338,34.434],[134.319,34.458],[134.278,34.447],[134.315,34.459],[134.297,34.48],[134.232,34.415],[134.228,34.48],[134.141,34.47],[134.18,34.487],[134.156,34.505],[134.171,34.529],[134.186,34.516],[134.332,34.563]]],[[[134.16,34.528],[134.159,34.531],[134.161,34.531],[134.16,34.528]]],[[[134.156,34.517],[134.157,34.52],[134.16,34.522],[134.161,34.521],[134.164,34.522],[134.162,34.518],[134.161,34.519],[134.156,34.517]]],[[[134.146,34.516],[134.145,34.52],[134.147,34.521],[134.148,34.521],[134.15,34.521],[134.152,34.519],[134.149,34.517],[134.146,34.516]]],[[[133.97,34.504],[133.969,34.505],[133.969,34.51],[133.972,34.512],[133.973,34.51],[133.975,34.506],[133.97,34.504]]],[[[134.007,34.498],[134.023,34.507],[134.02,34.479],[134.007,34.498]]],[[[133.975,34.499],[133.974,34.502],[133.976,34.503],[133.978,34.504],[133.978,34.503],[133.979,34.501],[133.975,34.499]]],[[[134.079,34.46],[134.036,34.483],[134.102,34.492],[134.079,34.46]]],[[[133.981,34.488],[133.977,34.492],[133.978,34.495],[133.98,34.492],[133.984,34.494],[133.981,34.488]]],[[[133.989,34.479],[133.99,34.483],[133.992,34.487],[133.994,34.484],[133.989,34.479]]],[[[134.117,34.473],[134.109,34.474],[134.109,34.478],[134.111,34.479],[134.115,34.479],[134.118,34.481],[134.122,34.48],[134.125,34.482],[134.127,34.482],[134.125,34.478],[134.122,34.474],[134.117,34.473]]],[[[133.972,34.474],[133.972,34.48],[133.972,34.478],[133.975,34.479],[133.976,34.477],[133.972,34.474]]],[[[133.991,34.443],[133.968,34.478],[134.012,34.453],[133.991,34.443]]],[[[133.997,34.471],[133.993,34.475],[133.991,34.477],[133.994,34.478],[133.997,34.476],[133.999,34.476],[133.997,34.471]]],[[[133.958,34.468],[133.956,34.468],[133.954,34.469],[133.95,34.473],[133.953,34.478],[133.956,34.473],[133.958,34.468]]],[[[134.185,34.468],[134.185,34.47],[134.188,34.473],[134.19,34.471],[134.185,34.468]]],[[[134.001,34.461],[133.999,34.468],[134.001,34.472],[134.003,34.472],[134.003,34.47],[134.008,34.471],[134.009,34.469],[134.005,34.465],[134.001,34.461]]],[[[133.959,34.454],[133.956,34.457],[133.957,34.461],[133.96,34.459],[133.965,34.462],[133.967,34.455],[133.962,34.455],[133.959,34.454]]],[[[134.323,34.446],[134.32,34.446],[134.321,34.448],[134.324,34.447],[134.323,34.446]]],[[[134.007,34.436],[134.003,34.44],[134.006,34.442],[134.008,34.441],[134.013,34.442],[134.014,34.44],[134.01,34.437],[134.007,34.436]]],[[[134.349,34.437],[134.344,34.44],[134.345,34.44],[134.35,34.438],[134.349,34.437]]],[[[134.055,34.416],[134.054,34.42],[134.054,34.422],[134.055,34.428],[134.06,34.434],[134.064,34.431],[134.064,34.421],[134.059,34.42],[134.055,34.416]]],[[[133.807,34.413],[133.801,34.417],[133.8,34.42],[133.8,34.421],[133.795,34.425],[133.798,34.426],[133.801,34.426],[133.805,34.427],[133.808,34.42],[133.807,34.419],[133.806,34.417],[133.807,34.413]]],[[[134.122,34.416],[134.124,34.42],[134.125,34.421],[134.128,34.42],[134.127,34.417],[134.122,34.416]]],[[[133.919,34.418],[133.925,34.419],[133.923,34.416],[133.919,34.418]]],[[[133.779,34.413],[133.775,34.414],[133.781,34.415],[133.783,34.413],[133.781,34.413],[133.779,34.413]]],[[[134.102,34.401],[134.098,34.401],[134.102,34.404],[134.105,34.406],[134.103,34.412],[134.104,34.414],[134.105,34.414],[134.107,34.413],[134.107,34.412],[134.111,34.405],[134.109,34.402],[134.102,34.401]]],[[[134.122,34.41],[134.12,34.41],[134.12,34.412],[134.122,34.412],[134.122,34.41]]],[[[134.135,34.41],[134.136,34.412],[134.137,34.411],[134.137,34.41],[134.135,34.41]]],[[[133.666,34.382],[133.652,34.409],[133.674,34.41],[133.666,34.382]]],[[[134.039,34.379],[134.035,34.382],[134.038,34.389],[134.052,34.409],[134.055,34.408],[134.056,34.4],[134.053,34.39],[134.048,34.39],[134.039,34.379]]],[[[133.811,34.404],[133.807,34.404],[133.809,34.408],[133.813,34.408],[133.811,34.404]]],[[[133.779,34.402],[133.778,34.402],[133.783,34.407],[133.784,34.407],[133.787,34.405],[133.789,34.404],[133.779,34.402]]],[[[133.764,34.369],[133.752,34.398],[133.795,34.389],[133.764,34.369]]],[[[133.699,34.352],[133.685,34.365],[133.712,34.4],[133.73,34.371],[133.699,34.352]]],[[[134.135,34.151],[134.122,34.119],[134.05,34.118],[133.997,34.074],[133.972,34.073],[133.939,34.115],[133.833,34.097],[133.679,34.012],[133.598,34.044],[133.634,34.072],[133.648,34.194],[133.557,34.261],[133.622,34.235],[133.672,34.247],[133.674,34.222],[133.737,34.263],[133.731,34.279],[133.772,34.288],[133.762,34.3],[133.792,34.294],[133.829,34.323],[133.819,34.353],[133.856,34.358],[133.834,34.325],[133.885,34.34],[133.895,34.383],[134.079,34.348],[134.091,34.385],[134.122,34.361],[134.135,34.4],[134.162,34.384],[134.165,34.326],[134.19,34.332],[134.182,34.353],[134.213,34.35],[134.21,34.369],[134.233,34.337],[134.266,34.336],[134.247,34.308],[134.262,34.283],[134.377,34.262],[134.44,34.208],[134.418,34.158],[134.349,34.185],[134.173,34.177],[134.135,34.151]]],[[[134.173,34.391],[134.173,34.398],[134.175,34.393],[134.176,34.391],[134.173,34.391]]],[[[133.924,34.392],[133.921,34.393],[133.922,34.396],[133.925,34.393],[133.924,34.392]]],[[[133.822,34.383],[133.816,34.384],[133.813,34.386],[133.813,34.393],[133.82,34.395],[133.823,34.391],[133.822,34.383]]],[[[133.832,34.387],[133.828,34.39],[133.828,34.395],[133.831,34.393],[133.832,34.387]]],[[[133.652,34.374],[133.649,34.374],[133.646,34.377],[133.642,34.377],[133.644,34.38],[133.649,34.383],[133.652,34.374],[133.652,34.374]]],[[[133.854,34.371],[133.85,34.373],[133.851,34.374],[133.854,34.372],[133.854,34.371]]],[[[133.774,34.357],[133.775,34.363],[133.778,34.366],[133.781,34.364],[133.784,34.364],[133.785,34.363],[133.786,34.358],[133.785,34.358],[133.782,34.357],[133.774,34.357]]],[[[133.622,34.331],[133.622,34.331],[133.62,34.337],[133.62,34.338],[133.617,34.35],[133.619,34.355],[133.622,34.353],[133.622,34.352],[133.622,34.351],[133.631,34.339],[133.629,34.337],[133.627,34.332],[133.622,34.331]]],[[[133.644,34.334],[133.639,34.334],[133.638,34.337],[133.639,34.337],[133.645,34.337],[133.646,34.336],[133.644,34.334]]],[[[133.677,34.306],[133.67,34.308],[133.661,34.324],[133.663,34.326],[133.679,34.317],[133.682,34.311],[133.68,34.307],[133.677,34.306]]],[[[133.621,34.301],[133.622,34.302],[133.622,34.301],[133.621,34.301]]],[[[133.622,34.256],[133.623,34.286],[133.655,34.281],[133.622,34.256]]],[[[133.68,34.267],[133.676,34.269],[133.671,34.269],[133.669,34.27],[133.672,34.274],[133.678,34.273],[133.683,34.271],[133.682,34.27],[133.68,34.267]]],[[[133.63,34.196],[133.629,34.197],[133.626,34.199],[133.624,34.198],[133.624,34.199],[133.622,34.201],[133.622,34.202],[133.624,34.203],[133.625,34.203],[133.627,34.203],[133.629,34.2],[133.63,34.196]]],[[[133.633,34.192],[133.63,34.193],[133.632,34.195],[133.633,34.193],[133.635,34.193],[133.633,34.192]]],[[[133.456,34.153],[133.452,34.154],[133.453,34.155],[133.456,34.153],[133.456,34.153]]],[[[133.531,34.125],[133.53,34.127],[133.526,34.133],[133.526,34.137],[133.528,34.136],[133.53,34.136],[133.535,34.131],[133.539,34.133],[133.542,34.131],[133.539,34.127],[133.534,34.125],[133.531,34.125]]]]}},{"type":"Feature","properties":{"id":23,"name":"愛知県","nam":"Aichi Ken"},"geometry":{"type":"MultiPolygon","coordinates":[[[[136.961,35.415],[136.993,35.424],[136.978,35.404],[137.047,35.365],[137.082,35.292],[137.165,35.283],[137.186,35.253],[137.308,35.291],[137.43,35.223],[137.52,35.283],[137.567,35.29],[137.546,35.253],[137.579,35.198],[137.682,35.235],[137.777,35.203],[137.838,35.212],[137.803,35.183],[137.828,35.154],[137.792,35.134],[137.8,35.105],[137.717,35.035],[137.707,34.972],[137.661,34.946],[137.64,34.892],[137.487,34.811],[137.484,34.674],[137.018,34.578],[137.074,34.662],[137.118,34.635],[137.131,34.656],[137.224,34.676],[137.246,34.706],[137.261,34.696],[137.285,34.731],[137.301,34.694],[137.285,34.679],[137.307,34.678],[137.325,34.702],[137.308,34.725],[137.352,34.727],[137.32,34.733],[137.331,34.781],[137.298,34.81],[137.216,34.823],[137.171,34.765],[137.168,34.788],[137.027,34.777],[136.997,34.816],[136.951,34.823],[136.984,34.893],[136.983,34.959],[136.962,34.874],[136.928,34.866],[136.914,34.771],[136.963,34.735],[136.972,34.696],[136.885,34.723],[136.84,34.764],[136.866,34.837],[136.821,34.884],[136.82,34.966],[136.846,35.008],[136.87,35.008],[136.852,35.016],[136.868,35.063],[136.896,35.084],[136.867,35.093],[136.846,35.034],[136.849,35.078],[136.828,35.083],[136.838,35.031],[136.812,35.026],[136.817,35.051],[136.797,35.051],[136.794,35.015],[136.77,35.021],[136.747,35.082],[136.673,35.135],[136.678,35.241],[136.77,35.369],[136.834,35.356],[136.921,35.379],[136.961,35.415]]],[[[136.812,34.996],[136.806,35],[136.8,35.004],[136.804,35.008],[136.809,35.013],[136.81,35.013],[136.817,35.017],[136.819,35.017],[136.822,35.018],[136.822,35.013],[136.822,35.01],[136.822,35.008],[136.821,35.007],[136.818,35.003],[136.815,35],[136.812,34.996]]],[[[136.82,34.95],[136.811,34.955],[136.819,34.964],[136.823,34.962],[136.822,34.961],[136.824,34.96],[136.825,34.961],[136.826,34.961],[136.823,34.953],[136.82,34.95]]],[[[136.809,34.839],[136.8,34.877],[136.822,34.862],[136.809,34.839]]],[[[137.305,34.804],[137.3,34.805],[137.3,34.809],[137.305,34.806],[137.305,34.804]]],[[[137.306,34.785],[137.303,34.793],[137.315,34.796],[137.317,34.793],[137.323,34.789],[137.324,34.787],[137.32,34.782],[137.308,34.779],[137.306,34.785]]],[[[137.23,34.787],[137.229,34.788],[137.234,34.79],[137.236,34.788],[137.235,34.787],[137.23,34.787]]],[[[137.098,34.765],[137.098,34.767],[137.1,34.769],[137.103,34.767],[137.098,34.765]]],[[[137.319,34.733],[137.313,34.734],[137.308,34.735],[137.308,34.74],[137.312,34.74],[137.312,34.744],[137.314,34.744],[137.314,34.748],[137.319,34.748],[137.319,34.737],[137.319,34.735],[137.319,34.733]]],[[[137.049,34.715],[137.048,34.716],[137.05,34.719],[137.047,34.72],[137.046,34.72],[137.044,34.726],[137.039,34.725],[137.037,34.721],[137.031,34.723],[137.033,34.726],[137.03,34.728],[137.035,34.728],[137.036,34.73],[137.038,34.733],[137.047,34.729],[137.049,34.728],[137.055,34.726],[137.05,34.724],[137.056,34.723],[137.054,34.721],[137.053,34.717],[137.049,34.715]]],[[[137.342,34.72],[137.338,34.721],[137.338,34.725],[137.343,34.727],[137.347,34.727],[137.349,34.727],[137.345,34.724],[137.342,34.72]]],[[[137.25,34.711],[137.249,34.711],[137.248,34.711],[137.248,34.711],[137.247,34.712],[137.246,34.713],[137.247,34.713],[137.248,34.714],[137.249,34.714],[137.251,34.714],[137.252,34.713],[137.252,34.712],[137.252,34.712],[137.252,34.711],[137.251,34.711],[137.25,34.711]]],[[[136.999,34.701],[136.997,34.705],[136.996,34.705],[136.997,34.706],[136.999,34.707],[137.0,34.706],[136.998,34.705],[137.001,34.705],[137.002,34.707],[137.005,34.707],[137.006,34.708],[137.005,34.709],[137.006,34.709],[137.012,34.707],[137.011,34.704],[136.999,34.701]]],[[[137.006,34.667],[137.003,34.667],[137.002,34.67],[136.999,34.67],[137.001,34.674],[137.001,34.677],[137.002,34.678],[137.004,34.678],[137.006,34.678],[137.006,34.683],[137.008,34.685],[137.009,34.684],[137.01,34.678],[137.005,34.675],[137.005,34.67],[137.006,34.667]]],[[[137.127,34.649],[137.126,34.65],[137.125,34.65],[137.125,34.652],[137.126,34.653],[137.127,34.649]]],[[[137.095,34.652],[137.092,34.653],[137.092,34.653],[137.094,34.653],[137.095,34.652],[137.095,34.652]]]]}},{"type":"Feature","properties":{"id":9,"name":"栃木県","nam":"Tochigi Ken"},"geometry":{"type":"Polygon","coordinates":[[[139.961,37.154],[140.138,37.106],[140.194,37.064],[140.205,37.024],[140.249,37.026],[140.255,36.765],[140.293,36.713],[140.221,36.686],[140.26,36.518],[140.231,36.503],[140.185,36.398],[140.13,36.415],[140.101,36.394],[140.066,36.404],[140.045,36.375],[139.973,36.379],[139.965,36.351],[139.914,36.337],[139.91,36.301],[139.878,36.323],[139.849,36.311],[139.822,36.24],[139.727,36.202],[139.665,36.207],[139.622,36.274],[139.464,36.272],[139.361,36.384],[139.435,36.464],[139.422,36.509],[139.483,36.582],[139.465,36.607],[139.398,36.602],[139.328,36.634],[139.372,36.746],[139.353,36.774],[139.406,36.83],[139.349,36.853],[139.356,36.878],[139.46,36.97],[139.536,36.981],[139.776,37.092],[139.822,37.085],[139.816,37.118],[139.866,37.147],[139.961,37.154]]]}},{"type":"Feature","properties":{"id":19,"name":"山梨県","nam":"Yamanashi Ken"},"geometry":{"type":"Polygon","coordinates":[[[138.37,35.971],[138.44,35.952],[138.471,35.897],[138.509,35.922],[138.591,35.92],[138.612,35.909],[138.611,35.874],[138.676,35.87],[138.729,35.909],[138.893,35.84],[138.944,35.855],[139.026,35.719],[139.13,35.674],[139.129,35.564],[139.085,35.512],[138.937,35.449],[138.916,35.401],[138.873,35.381],[138.68,35.358],[138.663,35.398],[138.61,35.393],[138.582,35.446],[138.559,35.434],[138.532,35.406],[138.535,35.331],[138.512,35.314],[138.533,35.202],[138.492,35.168],[138.429,35.182],[138.395,35.206],[138.365,35.312],[138.328,35.328],[138.286,35.305],[138.249,35.332],[138.233,35.376],[138.257,35.407],[138.244,35.456],[138.268,35.516],[138.232,35.639],[138.18,35.713],[138.236,35.758],[138.186,35.795],[138.238,35.882],[138.283,35.859],[138.37,35.971]]]}},{"type":"Feature","properties":{"id":25,"name":"滋賀県","nam":"Shiga Ken"},"geometry":{"type":"Polygon","coordinates":[[[136.15,35.698],[136.185,35.704],[136.28,35.661],[136.289,35.62],[136.323,35.616],[136.318,35.547],[136.346,35.536],[136.372,35.56],[136.4,35.53],[136.387,35.488],[136.42,35.467],[136.411,35.419],[136.444,35.389],[136.413,35.371],[136.378,35.243],[136.454,35.152],[136.414,34.98],[136.366,34.905],[136.25,34.858],[136.111,34.902],[136.085,34.878],[136.127,34.862],[136.086,34.837],[136.09,34.814],[136.026,34.791],[136.005,34.843],[135.946,34.852],[135.941,34.893],[135.898,34.871],[135.866,34.892],[135.878,34.947],[135.827,34.991],[135.815,35.046],[135.856,35.153],[135.829,35.221],[135.86,35.283],[135.831,35.276],[135.764,35.345],[135.815,35.413],[135.89,35.404],[135.94,35.52],[136.006,35.492],[136.026,35.53],[136.105,35.529],[136.113,35.583],[136.169,35.565],[136.177,35.596],[136.134,35.67],[136.15,35.698]]]}},{"type":"Feature","properties":{"id":10,"name":"群馬県","nam":"Gunma Ken"},"geometry":{"type":"Polygon","coordinates":[[[138.644,36.412],[138.592,36.424],[138.49,36.402],[138.401,36.435],[138.427,36.596],[138.473,36.643],[138.525,36.651],[138.514,36.69],[138.712,36.739],[138.726,36.764],[138.789,36.745],[138.826,36.772],[138.822,36.817],[138.928,36.833],[138.923,36.883],[138.979,36.891],[138.966,36.979],[139.047,36.987],[139.09,37.02],[139.097,37.059],[139.242,36.93],[139.393,36.911],[139.349,36.853],[139.406,36.83],[139.353,36.774],[139.372,36.746],[139.328,36.634],[139.398,36.602],[139.465,36.607],[139.483,36.582],[139.422,36.509],[139.435,36.464],[139.361,36.384],[139.464,36.272],[139.622,36.274],[139.669,36.212],[139.625,36.187],[139.588,36.21],[139.457,36.191],[139.359,36.253],[139.324,36.23],[139.129,36.283],[139.043,36.13],[138.958,36.124],[138.946,36.096],[138.866,36.078],[138.829,36.037],[138.755,36.035],[138.713,35.985],[138.631,36.028],[138.645,36.12],[138.577,36.168],[138.637,36.174],[138.6,36.278],[138.654,36.303],[138.644,36.412]]]}},{"type":"Feature","properties":{"id":4,"name":"宮城県","nam":"Miyagi Ken"},"geometry":{"type":"MultiPolygon","coordinates":[[[[141.484,38.978],[141.51,39.003],[141.632,38.971],[141.675,38.867],[141.638,38.902],[141.605,38.88],[141.575,38.906],[141.603,38.828],[141.516,38.772],[141.546,38.733],[141.564,38.741],[141.561,38.69],[141.526,38.717],[141.494,38.674],[141.445,38.674],[141.445,38.643],[141.529,38.637],[141.525,38.611],[141.46,38.576],[141.497,38.533],[141.532,38.549],[141.543,38.503],[141.524,38.489],[141.471,38.522],[141.497,38.496],[141.477,38.464],[141.513,38.451],[141.448,38.442],[141.472,38.394],[141.502,38.416],[141.514,38.393],[141.539,38.4],[141.482,38.377],[141.534,38.341],[141.524,38.272],[141.497,38.305],[141.45,38.316],[141.475,38.331],[141.463,38.351],[141.418,38.347],[141.459,38.374],[141.433,38.374],[141.431,38.399],[141.374,38.384],[141.359,38.414],[141.267,38.42],[141.161,38.365],[141.178,38.32],[141.139,38.322],[141.153,38.357],[141.133,38.377],[141.063,38.37],[141.025,38.32],[141.09,38.301],[140.999,38.273],[141.047,38.265],[140.986,38.218],[140.928,38.087],[140.915,37.994],[140.931,37.896],[140.857,37.891],[140.857,37.804],[140.775,37.806],[140.793,37.773],[140.695,37.803],[140.69,37.888],[140.661,37.901],[140.567,37.923],[140.488,37.9],[140.475,37.947],[140.408,37.973],[140.351,37.95],[140.275,37.982],[140.277,38.056],[140.373,38.057],[140.421,38.087],[140.48,38.181],[140.471,38.27],[140.529,38.321],[140.527,38.358],[140.578,38.393],[140.581,38.438],[140.62,38.456],[140.564,38.511],[140.555,38.543],[140.579,38.569],[140.538,38.634],[140.547,38.65],[140.601,38.64],[140.624,38.692],[140.607,38.721],[140.646,38.769],[140.605,38.783],[140.591,38.835],[140.541,38.862],[140.547,38.89],[140.639,38.883],[140.747,38.957],[140.826,38.964],[140.958,38.909],[140.986,38.876],[141.14,38.878],[141.146,38.856],[141.106,38.823],[141.235,38.748],[141.274,38.797],[141.303,38.793],[141.31,38.823],[141.395,38.8],[141.411,38.768],[141.438,38.783],[141.43,38.811],[141.459,38.815],[141.466,38.857],[141.451,38.877],[141.492,38.916],[141.484,38.978]]],[[[141.625,38.831],[141.603,38.873],[141.624,38.886],[141.625,38.831]]],[[[141.643,38.842],[141.641,38.843],[141.641,38.845],[141.643,38.844],[141.643,38.842]]],[[[141.512,38.55],[141.512,38.553],[141.514,38.556],[141.517,38.555],[141.512,38.55]]],[[[141.5,38.479],[141.499,38.479],[141.499,38.479],[141.5,38.479]]],[[[141.527,38.438],[141.527,38.441],[141.526,38.442],[141.524,38.44],[141.52,38.443],[141.518,38.447],[141.517,38.451],[141.518,38.453],[141.52,38.457],[141.517,38.458],[141.516,38.462],[141.516,38.465],[141.521,38.465],[141.527,38.458],[141.525,38.456],[141.527,38.454],[141.528,38.455],[141.531,38.454],[141.53,38.453],[141.532,38.448],[141.533,38.447],[141.534,38.444],[141.53,38.439],[141.527,38.438]]],[[[141.593,38.423],[141.593,38.424],[141.593,38.424],[141.596,38.424],[141.593,38.423]]],[[[141.594,38.396],[141.59,38.398],[141.59,38.398],[141.591,38.401],[141.593,38.4],[141.595,38.401],[141.596,38.402],[141.598,38.4],[141.6,38.399],[141.594,38.396]]],[[[141.601,38.386],[141.602,38.387],[141.602,38.389],[141.606,38.392],[141.605,38.387],[141.601,38.386]]],[[[141.424,38.377],[141.421,38.377],[141.419,38.377],[141.42,38.381],[141.423,38.38],[141.427,38.381],[141.424,38.377]]],[[[141.071,38.366],[141.07,38.368],[141.071,38.368],[141.072,38.369],[141.073,38.366],[141.071,38.366]]],[[[141.087,38.364],[141.084,38.364],[141.08,38.367],[141.083,38.365],[141.086,38.365],[141.088,38.366],[141.087,38.364]]],[[[141.076,38.363],[141.076,38.365],[141.078,38.365],[141.079,38.363],[141.076,38.363]]],[[[141.16,38.353],[141.162,38.354],[141.162,38.354],[141.163,38.355],[141.165,38.354],[141.16,38.353]]],[[[141.124,38.349],[141.122,38.353],[141.122,38.354],[141.122,38.354],[141.124,38.354],[141.126,38.352],[141.124,38.349]]],[[[141.115,38.346],[141.113,38.349],[141.115,38.353],[141.116,38.351],[141.116,38.349],[141.116,38.348],[141.117,38.346],[141.115,38.346]]],[[[141.122,38.348],[141.12,38.349],[141.119,38.352],[141.122,38.349],[141.122,38.348]]],[[[141.124,38.326],[141.122,38.33],[141.118,38.331],[141.117,38.337],[141.12,38.34],[141.121,38.337],[141.122,38.335],[141.122,38.335],[141.124,38.335],[141.123,38.337],[141.122,38.34],[141.123,38.339],[141.123,38.342],[141.124,38.342],[141.128,38.344],[141.128,38.348],[141.13,38.348],[141.13,38.346],[141.129,38.344],[141.128,38.339],[141.131,38.342],[141.131,38.34],[141.132,38.337],[141.132,38.336],[141.13,38.337],[141.129,38.337],[141.128,38.337],[141.127,38.337],[141.128,38.335],[141.129,38.333],[141.13,38.333],[141.13,38.332],[141.126,38.331],[141.128,38.329],[141.128,38.326],[141.126,38.327],[141.124,38.326]]],[[[141.11,38.331],[141.107,38.337],[141.104,38.343],[141.106,38.342],[141.107,38.339],[141.11,38.34],[141.111,38.341],[141.113,38.339],[141.115,38.339],[141.121,38.345],[141.119,38.341],[141.116,38.337],[141.115,38.337],[141.115,38.337],[141.114,38.337],[141.112,38.337],[141.111,38.335],[141.109,38.335],[141.11,38.331]]],[[[141.114,38.341],[141.113,38.343],[141.115,38.344],[141.117,38.343],[141.114,38.341]]],[[[141.054,38.336],[141.053,38.336],[141.053,38.337],[141.055,38.338],[141.055,38.337],[141.054,38.336]]],[[[141.052,38.337],[141.051,38.337],[141.051,38.338],[141.052,38.337]]],[[[141.107,38.328],[141.098,38.332],[141.094,38.333],[141.089,38.331],[141.086,38.333],[141.086,38.336],[141.089,38.337],[141.09,38.337],[141.09,38.336],[141.094,38.337],[141.095,38.337],[141.1,38.334],[141.104,38.333],[141.107,38.329],[141.107,38.328]]],[[[141.07,38.324],[141.067,38.327],[141.068,38.327],[141.074,38.328],[141.076,38.326],[141.074,38.326],[141.072,38.326],[141.07,38.324]]],[[[141.162,38.318],[141.157,38.318],[141.155,38.321],[141.158,38.321],[141.16,38.32],[141.162,38.318]]],[[[141.574,38.269],[141.548,38.303],[141.567,38.314],[141.59,38.302],[141.574,38.269]]],[[[141.409,38.285],[141.416,38.313],[141.43,38.293],[141.409,38.285]]],[[[141.502,38.246],[141.499,38.247],[141.497,38.248],[141.497,38.248],[141.495,38.251],[141.492,38.25],[141.489,38.25],[141.486,38.25],[141.482,38.251],[141.48,38.25],[141.476,38.253],[141.474,38.255],[141.473,38.261],[141.472,38.262],[141.469,38.266],[141.466,38.265],[141.467,38.268],[141.464,38.268],[141.458,38.268],[141.46,38.273],[141.457,38.273],[141.459,38.275],[141.463,38.276],[141.461,38.28],[141.461,38.284],[141.467,38.281],[141.469,38.283],[141.476,38.282],[141.478,38.28],[141.482,38.277],[141.487,38.271],[141.489,38.266],[141.49,38.26],[141.492,38.26],[141.495,38.256],[141.497,38.257],[141.498,38.258],[141.499,38.256],[141.498,38.253],[141.497,38.252],[141.502,38.246]]]]}},{"type":"Feature","properties":{"id":22,"name":"静岡県","nam":"Shizuoka Ken"},"geometry":{"type":"MultiPolygon","coordinates":[[[[138.219,35.644],[138.268,35.516],[138.244,35.456],[138.257,35.407],[138.233,35.376],[138.249,35.332],[138.286,35.305],[138.328,35.328],[138.359,35.317],[138.399,35.2],[138.44,35.178],[138.492,35.168],[138.533,35.202],[138.512,35.314],[138.535,35.331],[138.533,35.411],[138.582,35.446],[138.61,35.393],[138.663,35.398],[138.68,35.358],[139.002,35.399],[139.019,35.33],[138.976,35.236],[139.029,35.151],[139.111,35.141],[139.069,35.057],[139.1,35.046],[139.096,34.976],[139.148,34.936],[139.141,34.891],[139.083,34.852],[139.048,34.768],[138.997,34.743],[138.973,34.691],[138.987,34.658],[138.948,34.674],[138.844,34.601],[138.778,34.64],[138.788,34.67],[138.739,34.69],[138.739,34.726],[138.776,34.752],[138.752,34.819],[138.775,34.856],[138.756,34.884],[138.79,34.908],[138.763,34.963],[138.78,35.017],[138.89,35.017],[138.906,35.048],[138.828,35.107],[138.685,35.145],[138.556,35.101],[138.494,35.032],[138.503,34.986],[138.504,35.015],[138.533,35.013],[138.515,34.983],[138.357,34.915],[138.301,34.771],[138.227,34.727],[138.198,34.67],[138.227,34.595],[138.063,34.658],[137.902,34.667],[137.799,34.645],[137.744,34.668],[137.484,34.674],[137.487,34.811],[137.64,34.892],[137.661,34.946],[137.707,34.972],[137.717,35.035],[137.8,35.105],[137.792,35.134],[137.828,35.154],[137.803,35.183],[137.828,35.211],[138.142,35.371],[138.152,35.398],[138.119,35.448],[138.16,35.47],[138.142,35.555],[138.19,35.579],[138.219,35.644]]],[[[139.169,35.036],[139.167,35.039],[139.164,35.043],[139.17,35.043],[139.171,35.043],[139.176,35.04],[139.175,35.038],[139.169,35.036]]],[[[138.887,35.031],[138.887,35.036],[138.887,35.036],[138.888,35.035],[138.89,35.031],[138.887,35.031]]],[[[138.219,34.618],[138.213,34.621],[138.211,34.619],[138.21,34.621],[138.218,34.626],[138.221,34.622],[138.219,34.618]]]]}},{"type":"Feature","properties":{"id":8,"name":"茨城県","nam":"Ibaraki Ken"},"geometry":{"type":"MultiPolygon","coordinates":[[[[140.568,36.938],[140.586,36.945],[140.616,36.904],[140.779,36.867],[140.806,36.831],[140.747,36.781],[140.716,36.662],[140.612,36.487],[140.627,36.381],[140.566,36.305],[140.56,36.256],[140.61,36.087],[140.701,35.938],[140.663,35.929],[140.675,35.897],[140.691,35.883],[140.677,35.912],[140.707,35.925],[140.847,35.74],[140.747,35.782],[140.706,35.837],[140.632,35.859],[140.511,35.959],[140.487,35.928],[140.503,35.906],[140.458,35.926],[140.318,35.864],[140.147,35.846],[140.122,35.874],[139.939,35.94],[139.934,35.968],[139.884,35.989],[139.787,36.104],[139.77,36.081],[139.73,36.088],[139.691,36.173],[139.691,36.206],[139.822,36.24],[139.849,36.311],[139.878,36.323],[139.91,36.301],[139.914,36.337],[139.965,36.351],[139.973,36.379],[140.045,36.375],[140.066,36.404],[140.101,36.394],[140.13,36.415],[140.192,36.404],[140.231,36.503],[140.26,36.518],[140.221,36.686],[140.293,36.713],[140.257,36.757],[140.252,36.928],[140.298,36.929],[140.368,36.881],[140.377,36.838],[140.464,36.792],[140.539,36.859],[140.592,36.873],[140.568,36.938]]],[[[140.711,35.941],[140.712,35.955],[140.712,35.941],[140.711,35.927],[140.711,35.941]]]]}},{"type":"Feature","properties":{"id":47,"name":"沖縄県","nam":"Okinawa Ken"},"geometry":{"type":"MultiPolygon","coordinates":[[[[128.153,26.717],[128.152,26.745],[128.23,26.797],[128.264,26.872],[128.304,26.845],[128.326,26.753],[128.273,26.67],[128.234,26.63],[128.149,26.629],[128.15,26.598],[128.123,26.603],[128.15,26.568],[128.137,26.553],[128.094,26.534],[128.032,26.553],[128.052,26.52],[127.996,26.509],[128.001,26.485],[127.95,26.472],[127.948,26.438],[127.869,26.457],[127.83,26.431],[127.885,26.342],[127.917,26.329],[127.92,26.295],[127.865,26.344],[127.838,26.332],[127.847,26.316],[127.81,26.298],[127.787,26.227],[127.756,26.205],[127.776,26.172],[127.821,26.191],[127.83,26.168],[127.725,26.091],[127.658,26.08],[127.668,26.133],[127.647,26.144],[127.668,26.151],[127.647,26.151],[127.635,26.198],[127.651,26.217],[127.673,26.207],[127.668,26.246],[127.759,26.309],[127.711,26.44],[127.735,26.422],[127.797,26.436],[127.843,26.503],[127.918,26.517],[127.981,26.572],[127.894,26.606],[127.878,26.709],[128.002,26.688],[127.982,26.649],[128.023,26.626],[128.126,26.657],[128.1,26.678],[128.153,26.717]]],[[[124.173,24.328],[124.108,24.363],[124.14,24.411],[124.113,24.432],[124.082,24.414],[124.074,24.451],[124.116,24.445],[124.113,24.48],[124.136,24.44],[124.218,24.453],[124.225,24.497],[124.253,24.518],[124.275,24.505],[124.308,24.607],[124.336,24.603],[124.249,24.465],[124.246,24.357],[124.173,24.328]]],[[[123.872,24.254],[123.72,24.299],[123.717,24.277],[123.68,24.282],[123.66,24.307],[123.685,24.309],[123.683,24.331],[123.707,24.313],[123.702,24.348],[123.75,24.312],[123.742,24.393],[123.781,24.436],[123.815,24.391],[123.872,24.403],[123.938,24.364],[123.903,24.275],[123.881,24.28],[123.872,24.254]]]]}},{"type":"Feature","properties":{"id":6,"name":"山形県","nam":"Yamagata Ken"},"geometry":{"type":"MultiPolygon","coordinates":[[[[139.544,39.182],[139.55,39.209],[139.564,39.198],[139.544,39.182]]],[[[139.87,39.119],[139.995,39.106],[140.063,39.134],[140.063,39.093],[140.151,39.05],[140.196,39.061],[140.202,39.035],[140.307,39.015],[140.329,39.035],[140.363,39.026],[140.376,38.995],[140.446,38.98],[140.462,38.92],[140.537,38.901],[140.541,38.862],[140.591,38.835],[140.605,38.783],[140.646,38.769],[140.607,38.721],[140.624,38.692],[140.601,38.64],[140.547,38.65],[140.538,38.634],[140.579,38.569],[140.555,38.543],[140.564,38.511],[140.62,38.456],[140.581,38.438],[140.578,38.393],[140.527,38.358],[140.529,38.321],[140.471,38.27],[140.48,38.181],[140.416,38.079],[140.277,38.056],[140.29,38.007],[140.263,37.836],[140.299,37.809],[140.237,37.747],[140.167,37.757],[140.118,37.735],[140.049,37.779],[139.993,37.759],[139.937,37.828],[139.81,37.803],[139.784,37.832],[139.742,37.821],[139.716,37.854],[139.681,37.847],[139.629,37.894],[139.656,38.034],[139.693,38.057],[139.672,38.077],[139.699,38.203],[139.787,38.193],[139.861,38.232],[139.899,38.292],[139.849,38.343],[139.753,38.36],[139.706,38.392],[139.722,38.497],[139.54,38.558],[139.615,38.675],[139.762,38.801],[139.812,38.945],[139.835,38.956],[139.819,38.961],[139.872,39.069],[139.87,39.119]]]]}},{"type":"Feature","properties":{"id":30,"name":"和歌山県","nam":"Wakayama Ken"},"geometry":{"type":"MultiPolygon","coordinates":[[[[135.529,34.351],[135.651,34.383],[135.673,34.281],[135.708,34.271],[135.729,34.234],[135.707,34.208],[135.648,34.219],[135.622,34.16],[135.546,34.098],[135.54,34.075],[135.636,33.991],[135.636,33.95],[135.617,33.954],[135.6,33.908],[135.622,33.898],[135.618,33.872],[135.687,33.904],[135.756,33.885],[135.808,33.906],[135.848,33.896],[135.856,33.818],[135.941,33.735],[136.011,33.724],[135.974,33.679],[135.979,33.649],[135.936,33.64],[135.952,33.619],[135.926,33.605],[135.958,33.581],[135.798,33.499],[135.787,33.438],[135.752,33.438],[135.776,33.465],[135.759,33.484],[135.592,33.498],[135.446,33.549],[135.392,33.591],[135.393,33.639],[135.33,33.67],[135.335,33.695],[135.377,33.683],[135.4,33.72],[135.354,33.726],[135.311,33.769],[135.234,33.781],[135.144,33.883],[135.057,33.88],[135.083,33.911],[135.068,33.931],[135.115,33.96],[135.068,33.976],[135.173,34.032],[135.079,34.073],[135.115,34.12],[135.145,34.111],[135.124,34.136],[135.209,34.152],[135.184,34.148],[135.18,34.187],[135.142,34.187],[135.138,34.225],[135.1,34.236],[135.128,34.227],[135.12,34.243],[135.061,34.264],[135.074,34.304],[135.103,34.31],[135.111,34.272],[135.153,34.274],[135.208,34.308],[135.282,34.318],[135.293,34.299],[135.338,34.335],[135.397,34.331],[135.485,34.363],[135.503,34.337],[135.529,34.351]]],[[[135.045,34.292],[135.034,34.295],[135.037,34.299],[135.04,34.298],[135.042,34.298],[135.046,34.298],[135.048,34.299],[135.059,34.298],[135.058,34.297],[135.052,34.295],[135.045,34.292]]],[[[135.008,34.276],[135.005,34.277],[135.003,34.278],[135,34.279],[134.999,34.28],[135,34.281],[135.003,34.284],[135.006,34.284],[135.012,34.284],[135.018,34.292],[135.027,34.294],[135.025,34.291],[135.022,34.292],[135.02,34.287],[135.019,34.285],[135.016,34.281],[135.013,34.28],[135.011,34.277],[135.008,34.276]]],[[[135.183,34.151],[135.181,34.152],[135.181,34.151],[135.176,34.152],[135.178,34.158],[135.175,34.158],[135.175,34.159],[135.18,34.158],[135.184,34.155],[135.183,34.151]]],[[[135.102,34.109],[135.098,34.109],[135.097,34.115],[135.102,34.118],[135.102,34.113],[135.104,34.11],[135.102,34.109]]],[[[135.079,34.11],[135.076,34.112],[135.076,34.115],[135.079,34.114],[135.08,34.115],[135.083,34.113],[135.079,34.11]]],[[[135.122,34.015],[135.119,34.018],[135.121,34.019],[135.122,34.019],[135.128,34.018],[135.126,34.017],[135.125,34.016],[135.122,34.015]]],[[[135.915,33.972],[136.007,34.007],[136.011,33.966],[135.977,33.966],[135.969,33.929],[135.901,33.924],[135.915,33.972]]],[[[135.096,34.003],[135.092,34.003],[135.091,34.004],[135.093,34.008],[135.095,34.006],[135.102,34.005],[135.101,34.003],[135.096,34.003]]],[[[135.091,34.002],[135.089,34.003],[135.09,34.003],[135.091,34.003],[135.092,34.003],[135.091,34.002]]],[[[135.089,33.988],[135.087,33.988],[135.081,33.989],[135.086,33.992],[135.089,33.988]]],[[[135.074,33.947],[135.072,33.95],[135.073,33.951],[135.076,33.949],[135.074,33.947]]],[[[135.88,33.909],[135.901,33.884],[135.874,33.861],[135.859,33.898],[135.866,33.921],[135.88,33.909]]],[[[135.147,33.857],[135.144,33.861],[135.146,33.86],[135.155,33.862],[135.154,33.858],[135.147,33.857]]],[[[135.315,33.75],[135.313,33.752],[135.313,33.752],[135.315,33.75],[135.315,33.75]]],[[[135.364,33.695],[135.362,33.697],[135.365,33.697],[135.364,33.696],[135.364,33.695]]],[[[135.366,33.686],[135.364,33.687],[135.366,33.688],[135.367,33.687],[135.366,33.686]]],[[[135.948,33.619],[135.945,33.621],[135.946,33.622],[135.948,33.62],[135.948,33.619]]],[[[135.488,33.543],[135.486,33.544],[135.486,33.544],[135.489,33.544],[135.488,33.543]]],[[[135.56,33.511],[135.559,33.512],[135.557,33.513],[135.56,33.512],[135.56,33.511]]],[[[135.832,33.449],[135.802,33.473],[135.863,33.472],[135.832,33.449]]],[[[135.817,33.446],[135.814,33.448],[135.813,33.448],[135.813,33.451],[135.813,33.451],[135.818,33.452],[135.82,33.452],[135.819,33.449],[135.817,33.446]]]]}},{"type":"Feature","properties":{"id":42,"name":"長崎県","nam":"Nagasaki Ken"},"geometry":{"type":"MultiPolygon","coordinates":[[[[129.433,34.704],[129.433,34.707],[129.435,34.707],[129.436,34.707],[129.439,34.707],[129.44,34.706],[129.435,34.705],[129.433,34.704]]],[[[129.383,34.424],[129.364,34.434],[129.379,34.412],[129.351,34.387],[129.397,34.412],[129.372,34.37],[129.393,34.362],[129.364,34.345],[129.394,34.335],[129.365,34.339],[129.378,34.312],[129.362,34.32],[129.352,34.296],[129.333,34.318],[129.352,34.319],[129.354,34.374],[129.322,34.369],[129.308,34.337],[129.31,34.389],[129.282,34.383],[129.287,34.339],[129.227,34.362],[129.275,34.373],[129.274,34.44],[129.293,34.433],[129.313,34.465],[129.282,34.448],[129.273,34.468],[129.307,34.526],[129.344,34.533],[129.305,34.568],[129.286,34.56],[129.32,34.649],[129.396,34.639],[129.383,34.649],[129.406,34.677],[129.433,34.673],[129.415,34.692],[129.448,34.707],[129.496,34.667],[129.464,34.654],[129.49,34.645],[129.478,34.618],[129.432,34.618],[129.478,34.595],[129.473,34.556],[129.368,34.453],[129.383,34.424]]],[[[129.479,34.68],[129.477,34.683],[129.48,34.682],[129.481,34.683],[129.479,34.68]]],[[[129.264,34.427],[129.264,34.429],[129.265,34.43],[129.266,34.43],[129.267,34.429],[129.267,34.428],[129.266,34.427],[129.264,34.427]]],[[[129.265,34.422],[129.265,34.423],[129.265,34.423],[129.266,34.423],[129.266,34.422],[129.265,34.422]]],[[[129.268,34.417],[129.266,34.42],[129.266,34.42],[129.267,34.421],[129.268,34.421],[129.269,34.421],[129.27,34.42],[129.268,34.417]]],[[[129.406,34.351],[129.405,34.355],[129.406,34.356],[129.405,34.357],[129.404,34.357],[129.403,34.359],[129.403,34.36],[129.408,34.359],[129.411,34.363],[129.41,34.356],[129.41,34.354],[129.409,34.351],[129.408,34.353],[129.406,34.351]]],[[[129.397,34.334],[129.398,34.337],[129.398,34.337],[129.397,34.337],[129.396,34.335],[129.396,34.337],[129.396,34.337],[129.396,34.338],[129.397,34.34],[129.396,34.339],[129.395,34.338],[129.394,34.339],[129.393,34.339],[129.391,34.339],[129.388,34.341],[129.39,34.342],[129.39,34.343],[129.39,34.344],[129.389,34.346],[129.393,34.345],[129.391,34.348],[129.391,34.351],[129.393,34.351],[129.392,34.352],[129.393,34.356],[129.396,34.355],[129.395,34.358],[129.396,34.36],[129.4,34.355],[129.402,34.354],[129.4,34.351],[129.398,34.35],[129.4,34.351],[129.402,34.352],[129.406,34.35],[129.401,34.346],[129.398,34.342],[129.4,34.342],[129.403,34.345],[129.406,34.339],[129.406,34.337],[129.404,34.335],[129.403,34.337],[129.403,34.337],[129.399,34.337],[129.398,34.335],[129.398,34.334],[129.397,34.334]]],[[[129.339,34.351],[129.338,34.353],[129.339,34.354],[129.342,34.355],[129.339,34.351]]],[[[129.342,34.345],[129.339,34.348],[129.347,34.351],[129.345,34.348],[129.344,34.347],[129.343,34.349],[129.342,34.345]]],[[[129.333,34.34],[129.332,34.341],[129.333,34.343],[129.333,34.344],[129.333,34.34]]],[[[129.34,34.336],[129.339,34.337],[129.339,34.338],[129.34,34.337],[129.34,34.336]]],[[[129.333,34.304],[129.297,34.337],[129.325,34.336],[129.333,34.304]]],[[[129.213,34.084],[129.212,34.113],[129.166,34.103],[129.204,34.331],[129.227,34.322],[129.222,34.294],[129.279,34.306],[129.29,34.277],[129.266,34.328],[129.309,34.308],[129.305,34.277],[129.347,34.297],[129.352,34.277],[129.316,34.262],[129.325,34.226],[129.287,34.2],[129.281,34.13],[129.213,34.084]]],[[[129.396,34.312],[129.393,34.314],[129.387,34.32],[129.392,34.322],[129.394,34.324],[129.394,34.319],[129.394,34.317],[129.394,34.317],[129.396,34.317],[129.398,34.317],[129.404,34.315],[129.411,34.319],[129.412,34.316],[129.407,34.315],[129.403,34.314],[129.396,34.312]]],[[[129.321,34.3],[129.321,34.301],[129.319,34.302],[129.325,34.305],[129.328,34.306],[129.328,34.305],[129.327,34.303],[129.326,34.304],[129.324,34.301],[129.324,34.302],[129.321,34.3]]],[[[129.359,34.271],[129.35,34.294],[129.392,34.3],[129.359,34.271]]],[[[129.242,34.096],[129.238,34.098],[129.239,34.1],[129.243,34.099],[129.242,34.096]]],[[[129.689,33.861],[129.683,33.862],[129.683,33.867],[129.682,33.87],[129.682,33.871],[129.686,33.87],[129.689,33.87],[129.689,33.868],[129.689,33.864],[129.689,33.861]]],[[[129.677,33.863],[129.674,33.864],[129.673,33.869],[129.674,33.869],[129.675,33.87],[129.676,33.87],[129.676,33.87],[129.68,33.87],[129.68,33.865],[129.676,33.867],[129.676,33.866],[129.677,33.863]]],[[[129.698,33.865],[129.694,33.866],[129.693,33.866],[129.698,33.868],[129.7,33.869],[129.701,33.869],[129.703,33.866],[129.698,33.865]]],[[[129.716,33.704],[129.643,33.768],[129.685,33.76],[129.649,33.807],[129.689,33.805],[129.671,33.837],[129.702,33.863],[129.772,33.843],[129.744,33.808],[129.798,33.788],[129.757,33.776],[129.797,33.762],[129.788,33.742],[129.732,33.737],[129.716,33.704]]],[[[129.661,33.829],[129.659,33.829],[129.658,33.834],[129.66,33.833],[129.66,33.831],[129.661,33.829]]],[[[129.644,33.753],[129.643,33.753],[129.644,33.754],[129.644,33.753]]],[[[129.63,33.732],[129.628,33.733],[129.628,33.734],[129.628,33.739],[129.628,33.744],[129.632,33.743],[129.633,33.743],[129.635,33.743],[129.635,33.745],[129.637,33.745],[129.637,33.742],[129.639,33.742],[129.641,33.743],[129.642,33.742],[129.642,33.738],[129.64,33.739],[129.639,33.739],[129.639,33.738],[129.638,33.736],[129.637,33.735],[129.633,33.734],[129.63,33.732]]],[[[129.864,33.741],[129.869,33.743],[129.868,33.742],[129.868,33.742],[129.864,33.741]]],[[[129.757,33.73],[129.754,33.732],[129.757,33.737],[129.76,33.736],[129.76,33.733],[129.757,33.73]]],[[[129.628,33.723],[129.628,33.724],[129.626,33.726],[129.626,33.727],[129.624,33.727],[129.626,33.729],[129.627,33.73],[129.633,33.729],[129.636,33.727],[129.631,33.723],[129.628,33.723]]],[[[129.647,33.718],[129.645,33.72],[129.646,33.722],[129.643,33.723],[129.645,33.725],[129.647,33.727],[129.652,33.726],[129.651,33.723],[129.649,33.72],[129.647,33.718]]],[[[129.624,33.699],[129.624,33.701],[129.625,33.7],[129.626,33.699],[129.624,33.699]]],[[[129.553,33.604],[129.55,33.605],[129.551,33.607],[129.553,33.607],[129.554,33.61],[129.557,33.609],[129.557,33.607],[129.553,33.604]]],[[[129.553,33.469],[129.528,33.486],[129.497,33.473],[129.555,33.51],[129.552,33.491],[129.582,33.496],[129.553,33.469]]],[[[129.732,33.406],[129.719,33.42],[129.756,33.469],[129.792,33.43],[129.732,33.406]]],[[[129.727,33.451],[129.72,33.455],[129.713,33.46],[129.717,33.463],[129.719,33.463],[129.724,33.461],[129.726,33.456],[129.727,33.451]]],[[[129.509,33.424],[129.529,33.454],[129.543,33.442],[129.509,33.424]]],[[[129.416,33.351],[129.397,33.36],[129.433,33.442],[129.434,33.355],[129.416,33.351]]],[[[129.534,33.421],[129.533,33.424],[129.531,33.426],[129.533,33.425],[129.534,33.421]]],[[[129.711,33.42],[129.709,33.42],[129.706,33.424],[129.71,33.424],[129.711,33.42]]],[[[129.684,33.406],[129.679,33.41],[129.682,33.413],[129.685,33.415],[129.682,33.419],[129.682,33.42],[129.682,33.423],[129.687,33.423],[129.686,33.42],[129.685,33.419],[129.688,33.415],[129.687,33.411],[129.688,33.409],[129.684,33.406]]],[[[129.812,33.349],[129.796,33.414],[129.859,33.379],[129.812,33.349]]],[[[129.375,33.169],[129.348,33.182],[129.355,33.207],[129.399,33.18],[129.382,33.226],[129.435,33.237],[129.403,33.265],[129.446,33.291],[129.436,33.347],[129.499,33.356],[129.51,33.381],[129.524,33.355],[129.524,33.38],[129.551,33.38],[129.517,33.399],[129.553,33.409],[129.569,33.359],[129.514,33.331],[129.531,33.312],[129.485,33.285],[129.501,33.26],[129.433,33.191],[129.375,33.169]]],[[[129.78,33.393],[129.777,33.394],[129.773,33.399],[129.775,33.401],[129.777,33.401],[129.782,33.399],[129.784,33.397],[129.78,33.393]]],[[[129.632,33.362],[129.671,33.4],[129.678,33.353],[129.79,33.369],[129.759,33.29],[129.813,33.242],[129.818,33.183],[129.888,33.156],[129.943,33.164],[129.954,33.117],[129.921,33.09],[130.061,32.986],[130.202,32.958],[130.183,32.914],[130.091,32.86],[130.119,32.874],[130.128,32.841],[130.186,32.84],[130.292,32.879],[130.339,32.856],[130.377,32.778],[130.349,32.677],[130.259,32.653],[130.232,32.612],[130.168,32.591],[130.167,32.621],[130.13,32.639],[130.126,32.689],[130.171,32.693],[130.207,32.753],[130.179,32.794],[130.083,32.794],[130.022,32.759],[129.949,32.76],[129.893,32.66],[129.836,32.639],[129.781,32.572],[129.739,32.569],[129.816,32.655],[129.819,32.684],[129.793,32.694],[129.828,32.707],[129.836,32.688],[129.87,32.751],[129.819,32.72],[129.829,32.744],[129.805,32.744],[129.774,32.818],[129.737,32.805],[129.702,32.831],[129.651,32.931],[129.634,32.925],[129.627,32.979],[129.661,33.0],[129.646,33.036],[129.678,33.062],[129.659,33.07],[129.676,33.098],[129.728,33.075],[129.726,33.047],[129.761,33.049],[129.732,33.017],[129.738,32.989],[129.766,32.999],[129.763,33.021],[129.82,32.984],[129.808,32.917],[129.785,32.948],[129.783,32.909],[129.809,32.895],[129.788,32.867],[129.847,32.831],[129.88,32.882],[129.978,32.836],[130.008,32.846],[129.93,32.923],[129.927,32.969],[129.949,32.985],[129.921,33.034],[129.872,33.065],[129.82,33.038],[129.836,33.06],[129.765,33.078],[129.768,33.101],[129.757,33.082],[129.78,33.061],[129.764,33.05],[129.729,33.099],[129.785,33.143],[129.731,33.124],[129.726,33.162],[129.701,33.163],[129.71,33.115],[129.665,33.101],[129.658,33.132],[129.697,33.142],[129.636,33.167],[129.657,33.186],[129.636,33.225],[129.626,33.189],[129.621,33.216],[129.6,33.205],[129.614,33.224],[129.554,33.216],[129.582,33.29],[129.622,33.31],[129.561,33.324],[129.568,33.377],[129.632,33.362]]],[[[129.779,33.39],[129.774,33.392],[129.775,33.392],[129.779,33.391],[129.779,33.39]]],[[[129.604,33.38],[129.594,33.384],[129.598,33.384],[129.6,33.382],[129.601,33.382],[129.604,33.38]]],[[[129.579,33.303],[129.578,33.305],[129.578,33.306],[129.581,33.305],[129.579,33.303]]],[[[129.118,33.246],[129.07,33.27],[129.135,33.302],[129.155,33.272],[129.118,33.246]]],[[[129.572,33.288],[129.574,33.291],[129.577,33.291],[129.575,33.289],[129.573,33.288],[129.572,33.288]]],[[[129.562,33.287],[129.562,33.288],[129.565,33.291],[129.567,33.288],[129.565,33.288],[129.562,33.287]]],[[[129.572,33.277],[129.572,33.279],[129.572,33.28],[129.573,33.278],[129.572,33.277]]],[[[129.564,33.271],[129.565,33.273],[129.566,33.274],[129.566,33.275],[129.567,33.276],[129.567,33.275],[129.57,33.276],[129.567,33.272],[129.564,33.271]]],[[[129.565,33.262],[129.563,33.264],[129.561,33.264],[129.558,33.265],[129.561,33.266],[129.56,33.266],[129.562,33.269],[129.563,33.267],[129.563,33.266],[129.565,33.262]]],[[[129.551,33.262],[129.552,33.264],[129.552,33.264],[129.555,33.265],[129.554,33.263],[129.551,33.262]]],[[[129.558,33.259],[129.559,33.26],[129.558,33.261],[129.559,33.263],[129.56,33.263],[129.561,33.263],[129.563,33.26],[129.558,33.259]]],[[[129.07,33.244],[129.067,33.246],[129.066,33.249],[129.063,33.247],[129.059,33.25],[129.059,33.253],[129.058,33.255],[129.059,33.257],[129.065,33.262],[129.061,33.258],[129.062,33.253],[129.064,33.251],[129.067,33.253],[129.066,33.254],[129.071,33.255],[129.072,33.253],[129.074,33.249],[129.07,33.244]]],[[[129.559,33.253],[129.558,33.253],[129.56,33.255],[129.559,33.253]]],[[[129.562,33.25],[129.559,33.251],[129.56,33.251],[129.561,33.253],[129.561,33.254],[129.564,33.253],[129.562,33.25]]],[[[129.555,33.253],[129.554,33.253],[129.555,33.254],[129.557,33.253],[129.556,33.253],[129.555,33.253],[129.555,33.253]]],[[[129.065,33.252],[129.064,33.253],[129.065,33.253],[129.065,33.253],[129.065,33.252]]],[[[129.337,33.248],[129.334,33.249],[129.339,33.252],[129.34,33.252],[129.337,33.248]]],[[[129.554,33.226],[129.551,33.229],[129.551,33.229],[129.555,33.228],[129.557,33.227],[129.554,33.226]]],[[[129.131,33.22],[129.131,33.221],[129.129,33.225],[129.134,33.228],[129.14,33.224],[129.137,33.22],[129.131,33.22]]],[[[129.068,33.218],[129.066,33.218],[129.065,33.219],[129.062,33.221],[129.064,33.224],[129.061,33.224],[129.062,33.227],[129.063,33.227],[129.064,33.227],[129.065,33.227],[129.066,33.226],[129.067,33.225],[129.068,33.226],[129.07,33.225],[129.073,33.224],[129.07,33.219],[129.068,33.218]]],[[[129.05,33.183],[129.027,33.199],[129.045,33.219],[129.096,33.216],[129.088,33.186],[129.05,33.183]]],[[[129.568,33.212],[129.565,33.213],[129.564,33.217],[129.567,33.215],[129.568,33.212]]],[[[129.132,33.159],[129.122,33.214],[129.141,33.194],[129.132,33.159]]],[[[129.021,33.2],[129.018,33.2],[129.012,33.201],[129.011,33.204],[129.011,33.206],[129.014,33.21],[129.013,33.213],[129.014,33.213],[129.016,33.213],[129.018,33.212],[129.021,33.212],[129.024,33.213],[129.027,33.206],[129.026,33.207],[129.026,33.204],[129.021,33.2]]],[[[129.576,33.208],[129.576,33.213],[129.579,33.211],[129.579,33.209],[129.576,33.208]]],[[[129.351,33.208],[129.348,33.209],[129.349,33.212],[129.352,33.213],[129.351,33.211],[129.351,33.208]]],[[[129.59,33.202],[129.585,33.203],[129.582,33.203],[129.581,33.206],[129.582,33.208],[129.587,33.204],[129.593,33.204],[129.593,33.204],[129.59,33.202]]],[[[129.596,33.201],[129.596,33.203],[129.596,33.205],[129.596,33.207],[129.598,33.208],[129.602,33.202],[129.598,33.203],[129.596,33.201]]],[[[129.598,33.191],[129.596,33.194],[129.595,33.196],[129.599,33.2],[129.6,33.199],[129.599,33.197],[129.599,33.194],[129.598,33.193],[129.598,33.191]]],[[[129.61,33.19],[129.611,33.191],[129.609,33.191],[129.609,33.192],[129.609,33.193],[129.609,33.198],[129.61,33.197],[129.612,33.19],[129.61,33.19]]],[[[129.578,33.195],[129.576,33.196],[129.576,33.196],[129.579,33.196],[129.578,33.195]]],[[[129.342,33.193],[129.339,33.195],[129.341,33.196],[129.342,33.196],[129.342,33.193]]],[[[128.929,33.19],[128.925,33.191],[128.926,33.194],[128.927,33.195],[128.929,33.194],[128.929,33.19]]],[[[128.979,33.185],[128.978,33.187],[128.98,33.19],[128.981,33.192],[128.984,33.193],[128.988,33.193],[128.992,33.191],[128.991,33.187],[128.989,33.188],[128.987,33.188],[128.983,33.187],[128.979,33.185]]],[[[129.581,33.161],[129.583,33.168],[129.585,33.168],[129.587,33.168],[129.588,33.167],[129.589,33.17],[129.587,33.174],[129.582,33.176],[129.579,33.183],[129.579,33.184],[129.578,33.185],[129.579,33.186],[129.582,33.185],[129.58,33.188],[129.578,33.189],[129.58,33.189],[129.581,33.193],[129.583,33.192],[129.588,33.192],[129.589,33.193],[129.59,33.192],[129.591,33.192],[129.594,33.186],[129.591,33.183],[129.589,33.186],[129.59,33.187],[129.591,33.187],[129.591,33.188],[129.59,33.19],[129.59,33.189],[129.589,33.19],[129.586,33.189],[129.587,33.188],[129.586,33.186],[129.587,33.183],[129.585,33.183],[129.586,33.18],[129.587,33.179],[129.588,33.181],[129.59,33.18],[129.59,33.176],[129.592,33.177],[129.591,33.17],[129.591,33.164],[129.581,33.161]]],[[[129.335,33.182],[129.334,33.188],[129.338,33.19],[129.34,33.187],[129.339,33.186],[129.338,33.186],[129.336,33.183],[129.335,33.182]]],[[[129.612,33.184],[129.609,33.186],[129.61,33.188],[129.613,33.188],[129.612,33.184]]],[[[129.347,33.178],[129.344,33.18],[129.341,33.183],[129.343,33.185],[129.344,33.184],[129.347,33.182],[129.347,33.178]]],[[[129.022,33.179],[129.017,33.18],[129.014,33.18],[129.016,33.184],[129.017,33.184],[129.02,33.185],[129.021,33.185],[129.024,33.182],[129.022,33.179]]],[[[129.053,33.177],[129.052,33.179],[129.055,33.181],[129.054,33.183],[129.055,33.183],[129.057,33.184],[129.057,33.184],[129.06,33.181],[129.059,33.18],[129.056,33.18],[129.056,33.177],[129.053,33.177]]],[[[129.011,33.178],[129.009,33.179],[129.01,33.18],[129.011,33.178]]],[[[129.023,33.165],[129.017,33.165],[129.017,33.17],[129.017,33.171],[129.021,33.174],[129.024,33.174],[129.026,33.17],[129.023,33.167],[129.023,33.165]]],[[[128.903,33.166],[128.894,33.167],[128.895,33.168],[128.899,33.17],[128.899,33.173],[128.901,33.174],[128.902,33.17],[128.903,33.166]]],[[[129.033,33.172],[129.032,33.174],[129.035,33.174],[129.039,33.173],[129.038,33.172],[129.036,33.173],[129.033,33.172]]],[[[129.524,33.167],[129.52,33.17],[129.519,33.173],[129.521,33.173],[129.524,33.17],[129.524,33.167]]],[[[129.674,33.157],[129.672,33.162],[129.671,33.16],[129.671,33.16],[129.67,33.162],[129.67,33.163],[129.67,33.164],[129.669,33.166],[129.673,33.164],[129.674,33.157]]],[[[129.059,32.817],[129.04,32.874],[129.059,32.888],[129.038,32.908],[129.067,32.904],[129.026,32.919],[129.034,32.948],[129.022,32.932],[128.992,32.946],[129.011,32.976],[129.029,32.96],[129.046,32.976],[129.047,32.957],[129.065,32.981],[129.045,32.985],[129.043,33.029],[129.065,33.044],[129.068,33.02],[129.087,33.026],[129.074,33.056],[129.106,33.087],[129.094,33.121],[129.114,33.164],[129.113,33.063],[129.082,32.986],[129.164,33.008],[129.182,32.974],[129.139,32.937],[129.101,32.961],[129.107,32.925],[129.084,32.926],[129.081,32.896],[129.098,32.86],[129.066,32.863],[129.059,32.817]]],[[[129.638,33.158],[129.636,33.163],[129.638,33.161],[129.639,33.159],[129.638,33.158]]],[[[129.671,33.15],[129.669,33.153],[129.669,33.154],[129.67,33.154],[129.668,33.154],[129.667,33.157],[129.672,33.154],[129.675,33.154],[129.674,33.154],[129.673,33.154],[129.673,33.151],[129.671,33.15]]],[[[128.898,33.15],[128.895,33.153],[128.899,33.155],[128.9,33.155],[128.903,33.154],[128.898,33.153],[128.898,33.15]]],[[[129.661,33.15],[129.664,33.152],[129.666,33.152],[129.667,33.151],[129.661,33.15]]],[[[129.536,33.132],[129.503,33.141],[129.543,33.152],[129.536,33.132]]],[[[129.679,33.135],[129.678,33.135],[129.677,33.137],[129.676,33.137],[129.674,33.138],[129.675,33.139],[129.676,33.138],[129.677,33.138],[129.679,33.137],[129.677,33.139],[129.674,33.14],[129.673,33.139],[129.672,33.141],[129.671,33.141],[129.674,33.143],[129.674,33.142],[129.677,33.14],[129.677,33.142],[129.678,33.143],[129.679,33.141],[129.679,33.135]]],[[[129.654,33.138],[129.654,33.139],[129.654,33.139],[129.653,33.139],[129.653,33.139],[129.653,33.14],[129.653,33.14],[129.654,33.14],[129.653,33.141],[129.654,33.141],[129.654,33.141],[129.654,33.141],[129.654,33.141],[129.655,33.14],[129.655,33.141],[129.656,33.141],[129.656,33.14],[129.656,33.14],[129.656,33.14],[129.656,33.139],[129.656,33.139],[129.655,33.138],[129.654,33.138]]],[[[129.132,33.132],[129.132,33.132],[129.133,33.137],[129.135,33.135],[129.132,33.132]]],[[[129.663,33.132],[129.661,33.133],[129.664,33.135],[129.665,33.135],[129.665,33.134],[129.664,33.132],[129.663,33.132]]],[[[129.753,33.132],[129.75,33.133],[129.751,33.134],[129.754,33.134],[129.753,33.132]]],[[[129.784,33.066],[129.78,33.071],[129.778,33.071],[129.779,33.077],[129.783,33.075],[129.785,33.071],[129.784,33.066]]],[[[129.609,33.023],[129.591,33.046],[129.635,33.062],[129.609,33.023]]],[[[129.569,33.063],[129.566,33.065],[129.568,33.065],[129.57,33.065],[129.569,33.063]]],[[[129.816,33.049],[129.816,33.052],[129.817,33.053],[129.818,33.052],[129.816,33.049]]],[[[129.633,33.027],[129.63,33.027],[129.628,33.028],[129.629,33.032],[129.631,33.036],[129.628,33.034],[129.629,33.038],[129.631,33.04],[129.635,33.045],[129.635,33.045],[129.637,33.036],[129.635,33.034],[129.633,33.031],[129.633,33.027]]],[[[129.562,33.001],[129.561,33.03],[129.589,33.023],[129.562,33.001]]],[[[129.234,32.989],[129.221,32.999],[129.26,33.021],[129.234,32.989]]],[[[129.178,33.02],[129.177,33.021],[129.182,33.023],[129.185,33.021],[129.183,33.02],[129.178,33.02]]],[[[129.437,33.016],[129.434,33.017],[129.431,33.019],[129.43,33.02],[129.432,33.021],[129.437,33.019],[129.437,33.016]]],[[[129.345,32.998],[129.343,33.0],[129.345,33.003],[129.344,33.005],[129.34,33.006],[129.34,33.007],[129.343,33.01],[129.341,33.013],[129.342,33.015],[129.344,33.016],[129.349,33.019],[129.351,33.021],[129.354,33.021],[129.354,33.014],[129.355,33.01],[129.357,33.01],[129.358,33.01],[129.359,33.01],[129.359,33.008],[129.361,33.003],[129.358,33.003],[129.358,33.003],[129.353,33.003],[129.352,33.003],[129.35,33.0],[129.352,33.001],[129.35,32.998],[129.347,32.999],[129.345,32.998]]],[[[129.191,33.007],[129.186,33.008],[129.178,33.007],[129.176,33.009],[129.173,33.014],[129.176,33.015],[129.178,33.015],[129.18,33.014],[129.182,33.015],[129.184,33.014],[129.187,33.014],[129.187,33.02],[129.193,33.018],[129.194,33.018],[129.194,33.015],[129.196,33.009],[129.191,33.007]]],[[[129.009,33.002],[129.004,33.003],[129.007,33.008],[129.013,33.011],[129.015,33.014],[129.021,33.013],[129.029,33.015],[129.031,33.014],[129.025,33.008],[129.022,33.011],[129.021,33.009],[129.019,33.008],[129.016,33.009],[129.011,33.003],[129.009,33.002]]],[[[129.537,33.008],[129.536,33.008],[129.536,33.01],[129.538,33.01],[129.541,33.009],[129.537,33.008]]],[[[129.647,32.988],[129.647,32.991],[129.648,33.003],[129.649,33.009],[129.65,33.003],[129.65,33.003],[129.649,33.001],[129.65,32.998],[129.651,32.989],[129.647,32.988]]],[[[129.553,33.001],[129.548,33.001],[129.549,33.003],[129.549,33.005],[129.544,33.003],[129.542,33.003],[129.543,33.008],[129.553,33.007],[129.552,33.003],[129.553,33.001]]],[[[129.745,32.997],[129.744,32.999],[129.746,32.999],[129.744,33.003],[129.745,33.004],[129.747,33.004],[129.747,33.003],[129.748,33.001],[129.747,33.0],[129.747,32.999],[129.747,32.998],[129.747,32.997],[129.747,32.997],[129.745,32.997]]],[[[129.362,33.003],[129.361,33.003],[129.362,33.003],[129.362,33.003]]],[[[129.741,32.994],[129.741,32.996],[129.74,32.995],[129.739,32.997],[129.741,32.997],[129.742,32.998],[129.743,33.0],[129.743,32.999],[129.744,32.996],[129.745,32.995],[129.741,32.994]]],[[[129.024,32.975],[129.023,32.984],[129.02,32.985],[129.023,32.993],[129.023,32.993],[129.026,32.993],[129.024,32.988],[129.026,32.978],[129.024,32.975]]],[[[129.113,32.986],[129.11,32.986],[129.11,32.987],[129.112,32.987],[129.113,32.986],[129.113,32.986]]],[[[128.983,32.944],[128.977,32.948],[128.979,32.949],[128.977,32.958],[128.979,32.96],[128.983,32.959],[128.988,32.965],[128.99,32.963],[128.994,32.963],[128.995,32.963],[128.995,32.96],[128.994,32.956],[128.993,32.953],[128.993,32.951],[128.991,32.952],[128.988,32.953],[128.986,32.951],[128.985,32.952],[128.982,32.951],[128.983,32.944]]],[[[129.814,32.958],[129.811,32.962],[129.812,32.963],[129.814,32.962],[129.814,32.958]]],[[[129.631,32.946],[129.626,32.947],[129.628,32.947],[129.63,32.947],[129.631,32.946]]],[[[129.611,32.916],[129.598,32.947],[129.624,32.935],[129.611,32.916]]],[[[129.026,32.844],[129.013,32.868],[128.966,32.872],[128.96,32.903],[129.002,32.877],[128.983,32.931],[129.032,32.896],[129.026,32.844]]],[[[128.962,32.905],[128.93,32.92],[128.967,32.93],[128.962,32.905]]],[[[129.918,32.903],[129.912,32.908],[129.907,32.914],[129.906,32.92],[129.9,32.927],[129.901,32.929],[129.902,32.929],[129.913,32.92],[129.915,32.92],[129.916,32.921],[129.917,32.92],[129.921,32.917],[129.925,32.913],[129.923,32.911],[129.925,32.908],[129.924,32.906],[129.921,32.906],[129.918,32.903]]],[[[129.187,32.917],[129.185,32.917],[129.184,32.92],[129.184,32.921],[129.189,32.924],[129.19,32.924],[129.195,32.922],[129.193,32.92],[129.191,32.918],[129.187,32.917]]],[[[129.047,32.916],[129.043,32.916],[129.042,32.916],[129.045,32.918],[129.047,32.916]]],[[[129.807,32.914],[129.802,32.914],[129.802,32.914],[129.798,32.915],[129.798,32.916],[129.8,32.917],[129.803,32.915],[129.804,32.916],[129.806,32.916],[129.808,32.916],[129.807,32.914]]],[[[129.941,32.9],[129.939,32.902],[129.941,32.904],[129.942,32.902],[129.941,32.9]]],[[[128.946,32.896],[128.942,32.897],[128.942,32.9],[128.946,32.897],[128.946,32.896]]],[[[128.91,32.886],[128.908,32.888],[128.904,32.889],[128.907,32.89],[128.908,32.89],[128.912,32.895],[128.913,32.894],[128.915,32.896],[128.917,32.895],[128.916,32.89],[128.915,32.886],[128.91,32.886]]],[[[129.038,32.887],[129.036,32.888],[129.038,32.889],[129.038,32.893],[129.04,32.889],[129.042,32.887],[129.038,32.887]]],[[[129.836,32.889],[129.837,32.891],[129.838,32.89],[129.838,32.89],[129.836,32.889]]],[[[129.599,32.88],[129.589,32.881],[129.599,32.89],[129.602,32.89],[129.605,32.89],[129.606,32.888],[129.605,32.889],[129.602,32.888],[129.604,32.886],[129.602,32.882],[129.599,32.88]]],[[[128.94,32.8],[128.918,32.843],[128.872,32.862],[128.887,32.877],[128.931,32.835],[128.924,32.873],[128.939,32.849],[128.94,32.884],[128.955,32.872],[128.94,32.8]]],[[[129.035,32.868],[129.032,32.87],[129.031,32.871],[129.03,32.871],[129.03,32.882],[129.032,32.883],[129.034,32.881],[129.034,32.874],[129.034,32.873],[129.035,32.868]]],[[[129.8,32.876],[129.797,32.878],[129.796,32.88],[129.802,32.879],[129.8,32.876]]],[[[128.906,32.876],[128.904,32.876],[128.905,32.879],[128.907,32.878],[128.906,32.876]]],[[[129.549,32.875],[129.543,32.878],[129.546,32.878],[129.548,32.877],[129.549,32.875]]],[[[129.93,32.869],[129.924,32.872],[129.927,32.874],[129.928,32.871],[129.933,32.87],[129.93,32.869]]],[[[129.808,32.866],[129.807,32.868],[129.806,32.867],[129.804,32.87],[129.805,32.871],[129.806,32.871],[129.808,32.87],[129.812,32.869],[129.808,32.866]]],[[[129.045,32.864],[129.042,32.865],[129.039,32.869],[129.041,32.87],[129.045,32.864],[129.045,32.864]]],[[[129.558,32.866],[129.552,32.868],[129.554,32.87],[129.563,32.868],[129.558,32.866]]],[[[129.033,32.86],[129.031,32.869],[129.032,32.868],[129.034,32.866],[129.035,32.863],[129.033,32.86]]],[[[129.821,32.865],[129.823,32.869],[129.826,32.868],[129.827,32.866],[129.825,32.867],[129.821,32.865]]],[[[129.043,32.862],[129.042,32.864],[129.042,32.863],[129.045,32.862],[129.045,32.862],[129.043,32.862]]],[[[129.001,32.854],[129.0,32.855],[129.0,32.855],[129.0,32.86],[129.003,32.863],[129.003,32.859],[129.003,32.858],[129.005,32.857],[129.004,32.855],[129.002,32.855],[129.001,32.854]]],[[[129.038,32.844],[129.038,32.845],[129.036,32.852],[129.037,32.853],[129.038,32.853],[129.04,32.85],[129.04,32.844],[129.038,32.844]]],[[[128.865,32.764],[128.832,32.797],[128.837,32.838],[128.876,32.8],[128.863,32.844],[128.91,32.797],[128.865,32.764]]],[[[128.678,32.802],[128.672,32.806],[128.672,32.808],[128.673,32.808],[128.674,32.809],[128.679,32.81],[128.682,32.805],[128.682,32.805],[128.678,32.802]]],[[[128.95,32.809],[128.947,32.81],[128.949,32.81],[128.951,32.81],[128.95,32.809]]],[[[128.933,32.798],[128.928,32.8],[128.929,32.802],[128.932,32.801],[128.928,32.806],[128.928,32.807],[128.931,32.807],[128.934,32.807],[128.936,32.801],[128.933,32.798]]],[[[128.772,32.574],[128.738,32.606],[128.652,32.591],[128.598,32.614],[128.61,32.646],[128.645,32.603],[128.666,32.629],[128.635,32.634],[128.675,32.672],[128.647,32.697],[128.662,32.701],[128.64,32.761],[128.663,32.784],[128.696,32.767],[128.691,32.739],[128.735,32.757],[128.738,32.738],[128.756,32.769],[128.772,32.734],[128.796,32.756],[128.764,32.76],[128.807,32.798],[128.825,32.761],[128.803,32.752],[128.854,32.745],[128.838,32.713],[128.892,32.641],[128.768,32.643],[128.761,32.62],[128.792,32.593],[128.772,32.574]]],[[[129.755,32.79],[129.761,32.793],[129.76,32.79],[129.759,32.79],[129.755,32.79]]],[[[128.986,32.742],[128.962,32.749],[128.988,32.758],[128.991,32.791],[129.006,32.754],[128.986,32.742]]],[[[128.965,32.762],[128.956,32.762],[128.952,32.773],[128.956,32.777],[128.959,32.775],[128.967,32.767],[128.965,32.762]]],[[[129.984,32.746],[129.983,32.748],[129.979,32.748],[129.973,32.75],[129.97,32.749],[129.97,32.75],[129.967,32.753],[129.967,32.754],[129.966,32.756],[129.963,32.762],[129.966,32.761],[129.97,32.76],[129.973,32.76],[129.975,32.76],[129.976,32.759],[129.977,32.76],[129.98,32.76],[129.979,32.757],[129.977,32.753],[129.98,32.75],[129.984,32.752],[129.986,32.75],[129.986,32.752],[129.989,32.751],[129.984,32.746]]],[[[130.372,32.761],[130.372,32.762],[130.373,32.761],[130.372,32.761]]],[[[130.006,32.752],[130.004,32.753],[130.002,32.755],[130.006,32.753],[130.006,32.752]]],[[[129.997,32.753],[129.996,32.753],[129.997,32.754],[129.999,32.753],[129.997,32.753]]],[[[129.006,32.753],[129.005,32.753],[129.005,32.753],[129.005,32.754],[129.006,32.753]]],[[[128.841,32.753],[128.84,32.753],[128.84,32.753],[128.842,32.753],[128.841,32.753]]],[[[128.873,32.739],[128.872,32.739],[128.869,32.739],[128.869,32.746],[128.872,32.743],[128.872,32.744],[128.872,32.747],[128.877,32.75],[128.88,32.75],[128.879,32.747],[128.877,32.74],[128.873,32.739]]],[[[128.773,32.737],[128.772,32.737],[128.771,32.741],[128.773,32.744],[128.773,32.737]]],[[[128.598,32.711],[128.592,32.712],[128.589,32.715],[128.589,32.72],[128.589,32.727],[128.595,32.732],[128.601,32.74],[128.603,32.74],[128.607,32.74],[128.609,32.739],[128.608,32.733],[128.6,32.729],[128.602,32.721],[128.6,32.715],[128.598,32.711]]],[[[128.862,32.72],[128.858,32.727],[128.857,32.73],[128.858,32.728],[128.862,32.731],[128.863,32.726],[128.866,32.726],[128.867,32.724],[128.864,32.721],[128.862,32.72]]],[[[128.854,32.719],[128.849,32.722],[128.85,32.721],[128.852,32.724],[128.853,32.723],[128.854,32.719]]],[[[129.815,32.718],[129.815,32.718],[129.815,32.719],[129.817,32.718],[129.815,32.718]]],[[[129.779,32.69],[129.776,32.694],[129.771,32.7],[129.774,32.701],[129.774,32.702],[129.77,32.703],[129.769,32.704],[129.763,32.707],[129.759,32.715],[129.76,32.715],[129.765,32.712],[129.767,32.712],[129.766,32.71],[129.768,32.71],[129.771,32.708],[129.773,32.71],[129.779,32.705],[129.78,32.699],[129.782,32.698],[129.783,32.696],[129.784,32.697],[129.785,32.692],[129.779,32.69]]],[[[128.897,32.694],[128.893,32.708],[128.896,32.712],[128.898,32.712],[128.898,32.71],[128.898,32.708],[128.898,32.706],[128.901,32.707],[128.903,32.708],[128.904,32.703],[128.899,32.702],[128.9,32.7],[128.898,32.698],[128.9,32.696],[128.898,32.695],[128.897,32.694]]],[[[128.622,32.637],[128.617,32.645],[128.615,32.654],[128.615,32.654],[128.616,32.655],[128.615,32.657],[128.618,32.661],[128.62,32.664],[128.622,32.667],[128.623,32.669],[128.626,32.67],[128.627,32.677],[128.633,32.679],[128.635,32.677],[128.639,32.674],[128.637,32.67],[128.636,32.67],[128.635,32.671],[128.633,32.67],[128.639,32.664],[128.633,32.663],[128.63,32.663],[128.628,32.664],[128.629,32.659],[128.633,32.659],[128.627,32.655],[128.629,32.654],[128.633,32.654],[128.635,32.649],[128.631,32.649],[128.634,32.646],[128.634,32.645],[128.63,32.646],[128.63,32.644],[128.628,32.644],[128.628,32.641],[128.628,32.638],[128.622,32.637]]],[[[129.754,32.649],[129.747,32.659],[129.746,32.66],[129.747,32.662],[129.75,32.666],[129.752,32.664],[129.754,32.665],[129.758,32.664],[129.755,32.659],[129.756,32.655],[129.754,32.649]]],[[[129.736,32.626],[129.738,32.629],[129.739,32.629],[129.738,32.627],[129.736,32.626]]],[[[128.777,32.619],[128.776,32.621],[128.778,32.621],[128.779,32.621],[128.777,32.619]]],[[[128.778,32.615],[128.777,32.616],[128.779,32.617],[128.781,32.616],[128.78,32.616],[128.778,32.615]]],[[[128.84,32.596],[128.833,32.596],[128.826,32.599],[128.83,32.605],[128.833,32.604],[128.839,32.605],[128.839,32.603],[128.84,32.596]]],[[[128.92,32.592],[128.914,32.594],[128.916,32.596],[128.918,32.596],[128.922,32.598],[128.924,32.597],[128.925,32.597],[128.925,32.599],[128.926,32.598],[128.928,32.594],[128.928,32.593],[128.92,32.592]]],[[[128.903,32.586],[128.9,32.587],[128.898,32.587],[128.896,32.587],[128.896,32.587],[128.902,32.59],[128.904,32.587],[128.903,32.586]]],[[[128.707,32.579],[128.711,32.582],[128.714,32.582],[128.715,32.583],[128.716,32.582],[128.721,32.58],[128.715,32.58],[128.707,32.579]]],[[[128.902,32.561],[128.895,32.561],[128.891,32.565],[128.892,32.57],[128.896,32.57],[128.903,32.57],[128.902,32.571],[128.902,32.572],[128.904,32.572],[128.906,32.565],[128.902,32.561]]],[[[129.775,32.549],[129.773,32.553],[129.774,32.563],[129.778,32.569],[129.785,32.566],[129.785,32.569],[129.787,32.569],[129.79,32.562],[129.79,32.557],[129.784,32.556],[129.775,32.549]]],[[[128.405,32.037],[128.379,32.04],[128.411,32.053],[128.405,32.037]]],[[[128.378,32.031],[128.376,32.035],[128.378,32.035],[128.379,32.032],[128.38,32.031],[128.378,32.031]]],[[[128.368,32.023],[128.368,32.024],[128.37,32.028],[128.372,32.03],[128.374,32.029],[128.372,32.025],[128.368,32.023]]],[[[128.361,32.009],[128.359,32.01],[128.36,32.013],[128.363,32.014],[128.364,32.014],[128.361,32.009]]],[[[128.349,31.989],[128.347,31.991],[128.349,31.995],[128.344,32.003],[128.344,32.004],[128.344,32.006],[128.347,32.004],[128.355,32.008],[128.357,32.003],[128.356,32.003],[128.354,31.999],[128.351,31.998],[128.354,31.989],[128.352,31.991],[128.349,31.989]]],[[[129.443,34.724],[129.445,34.725],[129.445,34.724],[129.443,34.723],[129.443,34.724]]],[[[129.429,34.719],[129.43,34.72],[129.431,34.718],[129.429,34.718],[129.429,34.719]]],[[[128.804,33.191],[128.805,33.191],[128.804,33.19],[128.803,33.19],[128.804,33.191]]],[[[128.803,33.184],[128.804,33.183],[128.804,33.183],[128.804,33.183],[128.803,33.183],[128.803,33.183],[128.803,33.184],[128.803,33.184]]],[[[128.107,32.249],[128.108,32.249],[128.108,32.249],[128.108,32.249],[128.108,32.248],[128.108,32.248],[128.108,32.249],[128.107,32.249]]],[[[128.105,32.245],[128.105,32.245],[128.105,32.244],[128.105,32.244],[128.105,32.244],[128.105,32.244],[128.105,32.244],[128.105,32.244],[128.105,32.244],[128.105,32.245],[128.105,32.245]]],[[[128.105,32.244],[128.105,32.244],[128.105,32.244],[128.105,32.243],[128.105,32.243],[128.105,32.243],[128.105,32.244],[128.105,32.244],[128.105,32.244]]],[[[128.394,32.059],[128.394,32.059],[128.394,32.058],[128.394,32.058],[128.394,32.059],[128.394,32.059]]],[[[128.348,31.989],[128.349,31.989],[128.35,31.987],[128.35,31.986],[128.349,31.987],[128.349,31.987],[128.348,31.986],[128.348,31.987],[128.347,31.989],[128.348,31.989]]],[[[128.803,33.185],[128.803,33.185],[128.803,33.185],[128.803,33.185],[128.803,33.185],[128.803,33.185]]],[[[128.803,33.183],[128.804,33.183],[128.804,33.182],[128.804,33.182],[128.804,33.182],[128.803,33.182],[128.803,33.183],[128.803,33.183]]],[[[129.681,33.872],[129.683,33.873],[129.683,33.872],[129.681,33.872],[129.681,33.872]]]]}},{"type":"Feature","properties":{"id":5,"name":"秋田県","nam":"Akita Ken"},"geometry":{"type":"MultiPolygon","coordinates":[[[[140.88,40.511],[140.861,40.441],[140.985,40.428],[140.995,40.354],[140.962,40.348],[140.942,40.228],[140.905,40.222],[140.861,40.174],[140.883,40.159],[140.881,40.114],[140.845,40.074],[140.846,39.974],[140.878,39.875],[140.826,39.887],[140.783,39.866],[140.787,39.824],[140.848,39.796],[140.775,39.735],[140.823,39.688],[140.822,39.65],[140.796,39.603],[140.731,39.566],[140.724,39.481],[140.683,39.458],[140.654,39.391],[140.704,39.343],[140.693,39.302],[140.718,39.273],[140.789,39.238],[140.766,39.198],[140.809,39.18],[140.75,39.14],[140.77,39.124],[140.753,39.087],[140.81,39.057],[140.764,39.0],[140.774,38.958],[140.654,38.889],[140.562,38.874],[140.462,38.92],[140.432,38.992],[140.376,38.995],[140.329,39.035],[140.311,39.014],[140.202,39.035],[140.196,39.061],[140.151,39.05],[140.063,39.093],[140.063,39.134],[139.995,39.106],[139.87,39.119],[139.902,39.17],[139.917,39.276],[139.98,39.313],[140.026,39.42],[140.061,39.608],[140.05,39.774],[139.997,39.857],[139.921,39.901],[139.859,39.896],[139.85,39.863],[139.755,39.857],[139.706,39.928],[139.721,39.953],[139.693,39.996],[139.813,39.959],[139.888,40.003],[139.953,40.087],[139.986,40.202],[140.015,40.219],[140.026,40.339],[139.936,40.429],[140.02,40.42],[140.02,40.448],[140.068,40.469],[140.108,40.436],[140.335,40.44],[140.388,40.488],[140.437,40.479],[140.441,40.45],[140.528,40.432],[140.542,40.403],[140.568,40.4],[140.555,40.422],[140.59,40.437],[140.647,40.404],[140.7,40.43],[140.734,40.417],[140.736,40.44],[140.804,40.45],[140.822,40.497],[140.88,40.511]]],[[[139.699,40.013],[139.699,40.014],[139.698,40.017],[139.701,40.014],[139.699,40.014],[139.7,40.013],[139.699,40.013]]],[[[140.039,39.759],[140.038,39.761],[140.033,39.761],[140.016,39.772],[140.016,39.773],[140.033,39.761],[140.038,39.761],[140.039,39.759],[140.039,39.759]]],[[[139.522,39.188],[139.524,39.186],[139.527,39.182],[139.525,39.179],[139.524,39.179],[139.524,39.181],[139.524,39.184],[139.521,39.183],[139.52,39.185],[139.52,39.187],[139.522,39.188]]]]}},{"type":"Feature","properties":{"id":33,"name":"岡山県","nam":"Okayama Ken"},"geometry":{"type":"MultiPolygon","coordinates":[[[[134.014,35.35],[134.01,35.308],[134.097,35.306],[134.139,35.279],[134.172,35.17],[134.26,35.21],[134.321,35.202],[134.4,35.247],[134.38,35.208],[134.411,35.186],[134.408,35.148],[134.366,35.145],[134.349,35.09],[134.318,35.083],[134.316,35.043],[134.267,35.022],[134.286,34.996],[134.254,34.946],[134.294,34.908],[134.253,34.851],[134.316,34.802],[134.334,34.768],[134.321,34.722],[134.275,34.734],[134.243,34.715],[134.185,34.742],[134.214,34.716],[134.199,34.709],[134.245,34.701],[134.169,34.652],[134.187,34.632],[134.17,34.614],[134.12,34.589],[134.059,34.585],[134.063,34.608],[133.995,34.613],[133.945,34.599],[134.033,34.597],[134.046,34.577],[134.001,34.545],[134.003,34.512],[133.959,34.524],[133.933,34.451],[133.834,34.474],[133.808,34.459],[133.822,34.43],[133.787,34.436],[133.738,34.525],[133.718,34.496],[133.743,34.47],[133.703,34.478],[133.691,34.54],[133.683,34.507],[133.659,34.52],[133.594,34.491],[133.594,34.469],[133.54,34.462],[133.485,34.514],[133.527,34.455],[133.474,34.441],[133.49,34.459],[133.446,34.48],[133.445,34.555],[133.383,34.622],[133.403,34.672],[133.358,34.733],[133.378,34.805],[133.297,34.89],[133.321,35.006],[133.267,35.052],[133.288,35.096],[133.403,35.114],[133.408,35.186],[133.526,35.183],[133.505,35.229],[133.559,35.246],[133.596,35.345],[133.745,35.319],[133.831,35.249],[133.863,35.293],[133.925,35.308],[133.932,35.334],[134.014,35.35]]],[[[134.321,34.703],[134.276,34.721],[134.332,34.723],[134.347,34.709],[134.321,34.703]]],[[[134.209,34.72],[134.211,34.726],[134.213,34.726],[134.219,34.722],[134.216,34.721],[134.212,34.722],[134.209,34.72]]],[[[134.262,34.708],[134.248,34.71],[134.249,34.711],[134.264,34.714],[134.269,34.709],[134.264,34.709],[134.262,34.708]]],[[[134.258,34.69],[134.254,34.691],[134.251,34.692],[134.255,34.694],[134.25,34.695],[134.25,34.698],[134.252,34.702],[134.25,34.706],[134.254,34.707],[134.256,34.707],[134.263,34.706],[134.261,34.703],[134.263,34.703],[134.266,34.701],[134.268,34.701],[134.271,34.697],[134.269,34.696],[134.267,34.696],[134.263,34.698],[134.261,34.697],[134.262,34.695],[134.258,34.694],[134.261,34.692],[134.258,34.69]]],[[[134.288,34.697],[134.283,34.699],[134.279,34.703],[134.282,34.704],[134.283,34.704],[134.285,34.704],[134.286,34.704],[134.288,34.704],[134.289,34.704],[134.29,34.701],[134.292,34.697],[134.29,34.697],[134.288,34.697]]],[[[134.262,34.675],[134.256,34.68],[134.251,34.678],[134.251,34.679],[134.247,34.68],[134.246,34.68],[134.243,34.68],[134.245,34.682],[134.247,34.682],[134.247,34.683],[134.247,34.684],[134.248,34.684],[134.249,34.684],[134.251,34.683],[134.254,34.688],[134.256,34.688],[134.258,34.688],[134.264,34.682],[134.266,34.683],[134.268,34.682],[134.271,34.683],[134.273,34.682],[134.269,34.678],[134.268,34.678],[134.262,34.675]]],[[[134.296,34.68],[134.29,34.684],[134.29,34.687],[134.292,34.684],[134.294,34.685],[134.298,34.684],[134.3,34.687],[134.302,34.683],[134.299,34.681],[134.296,34.68]]],[[[134.225,34.668],[134.222,34.67],[134.218,34.675],[134.222,34.677],[134.223,34.677],[134.226,34.673],[134.228,34.677],[134.228,34.679],[134.234,34.679],[134.24,34.679],[134.241,34.678],[134.244,34.679],[134.244,34.673],[134.238,34.673],[134.234,34.67],[134.232,34.669],[134.232,34.67],[134.232,34.671],[134.227,34.67],[134.225,34.668]]],[[[134.168,34.603],[134.165,34.604],[134.167,34.609],[134.173,34.612],[134.174,34.609],[134.184,34.611],[134.187,34.614],[134.194,34.616],[134.197,34.617],[134.199,34.616],[134.201,34.616],[134.194,34.608],[134.186,34.605],[134.183,34.606],[134.176,34.604],[134.172,34.603],[134.168,34.603]]],[[[134.201,34.607],[134.207,34.612],[134.21,34.612],[134.208,34.611],[134.206,34.61],[134.201,34.607]]],[[[133.985,34.605],[133.984,34.607],[133.987,34.608],[133.988,34.607],[133.985,34.605]]],[[[134.193,34.596],[134.193,34.597],[134.19,34.597],[134.19,34.602],[134.191,34.601],[134.193,34.601],[134.194,34.601],[134.198,34.601],[134.2,34.601],[134.199,34.598],[134.198,34.596],[134.196,34.597],[134.193,34.596]]],[[[134.157,34.597],[134.159,34.6],[134.162,34.6],[134.161,34.598],[134.157,34.597]]],[[[134.097,34.56],[134.095,34.561],[134.096,34.564],[134.098,34.564],[134.099,34.566],[134.102,34.566],[134.103,34.565],[134.105,34.567],[134.105,34.567],[134.106,34.561],[134.1,34.561],[134.099,34.561],[134.097,34.56]]],[[[134.109,34.561],[134.107,34.564],[134.11,34.562],[134.11,34.561],[134.109,34.561]]],[[[134.023,34.507],[134.019,34.503],[134.018,34.502],[134.017,34.497],[134.014,34.496],[134.008,34.498],[134.007,34.498],[134.008,34.5],[134.013,34.503],[134.017,34.507],[134.019,34.507],[134.021,34.507],[134.023,34.507]]],[[[133.711,34.461],[133.707,34.464],[133.709,34.464],[133.711,34.466],[133.716,34.462],[133.713,34.462],[133.711,34.461]]],[[[133.747,34.454],[133.745,34.455],[133.747,34.455],[133.747,34.454]]],[[[133.853,34.446],[133.851,34.447],[133.852,34.45],[133.853,34.449],[133.853,34.446]]],[[[133.498,34.431],[133.497,34.431],[133.496,34.431],[133.497,34.432],[133.498,34.437],[133.499,34.436],[133.498,34.431]]],[[[133.499,34.424],[133.501,34.43],[133.501,34.43],[133.503,34.431],[133.505,34.433],[133.51,34.432],[133.511,34.434],[133.513,34.433],[133.516,34.435],[133.515,34.43],[133.513,34.428],[133.503,34.424],[133.499,34.424]]],[[[133.77,34.419],[133.763,34.42],[133.76,34.427],[133.761,34.432],[133.763,34.429],[133.767,34.426],[133.774,34.427],[133.776,34.423],[133.771,34.42],[133.77,34.419]]],[[[133.814,34.425],[133.816,34.426],[133.818,34.426],[133.818,34.425],[133.814,34.425]]],[[[133.832,34.417],[133.829,34.42],[133.828,34.424],[133.829,34.424],[133.836,34.425],[133.832,34.42],[133.832,34.417]]],[[[133.919,34.418],[133.92,34.42],[133.922,34.421],[133.924,34.42],[133.925,34.419],[133.919,34.418]]],[[[133.513,34.39],[133.508,34.394],[133.506,34.402],[133.505,34.406],[133.51,34.406],[133.515,34.411],[133.517,34.408],[133.519,34.413],[133.523,34.416],[133.526,34.416],[133.524,34.412],[133.525,34.411],[133.523,34.409],[133.525,34.4],[133.523,34.399],[133.519,34.396],[133.513,34.39]]],[[[133.545,34.367],[133.516,34.384],[133.537,34.401],[133.557,34.394],[133.545,34.367]]],[[[133.497,34.382],[133.495,34.384],[133.497,34.384],[133.5,34.383],[133.497,34.382]]],[[[133.586,34.377],[133.583,34.378],[133.582,34.381],[133.586,34.381],[133.587,34.381],[133.586,34.377]]],[[[133.573,34.348],[133.566,34.352],[133.569,34.355],[133.572,34.359],[133.573,34.359],[133.577,34.356],[133.577,34.355],[133.579,34.355],[133.58,34.361],[133.584,34.362],[133.586,34.363],[133.589,34.363],[133.591,34.359],[133.585,34.359],[133.58,34.352],[133.573,34.348]]],[[[133.522,34.343],[133.52,34.343],[133.518,34.347],[133.516,34.352],[133.521,34.349],[133.522,34.343]]],[[[133.508,34.335],[133.505,34.337],[133.503,34.337],[133.502,34.337],[133.501,34.339],[133.497,34.34],[133.497,34.342],[133.499,34.344],[133.497,34.345],[133.497,34.346],[133.498,34.351],[133.5,34.347],[133.505,34.345],[133.508,34.343],[133.507,34.337],[133.508,34.335]]],[[[133.534,34.298],[133.531,34.299],[133.526,34.303],[133.526,34.308],[133.529,34.307],[133.533,34.308],[133.535,34.308],[133.537,34.309],[133.54,34.308],[133.538,34.307],[133.536,34.3],[133.534,34.298]]]]}},{"type":"Feature","properties":{"id":40,"name":"福岡県","nam":"Fukuoka Ken"},"geometry":{"type":"MultiPolygon","coordinates":[[[[130.104,34.239],[130.103,34.24],[130.099,34.241],[130.098,34.243],[130.102,34.249],[130.102,34.249],[130.104,34.249],[130.11,34.249],[130.112,34.248],[130.104,34.239]]],[[[130.728,34.008],[130.726,34.009],[130.721,34.018],[130.724,34.019],[130.725,34.019],[130.726,34.016],[130.731,34.016],[130.728,34.008]]],[[[130.717,34.001],[130.709,34.003],[130.707,34.004],[130.71,34.005],[130.714,34.003],[130.717,34.001]]],[[[130.809,34.003],[130.808,34.003],[130.809,34.003],[130.809,34.003],[130.809,34.003]]],[[[130.821,33.986],[130.82,33.986],[130.817,33.99],[130.814,33.994],[130.813,33.996],[130.811,33.997],[130.809,33.999],[130.812,34.001],[130.814,34.001],[130.816,33.998],[130.819,33.995],[130.818,33.993],[130.82,33.992],[130.821,33.986]]],[[[130.856,33.966],[130.855,33.966],[130.853,33.966],[130.85,33.968],[130.847,33.969],[130.85,33.971],[130.851,33.971],[130.854,33.969],[130.857,33.968],[130.86,33.966],[130.859,33.966],[130.856,33.966]]],[[[130.672,33.919],[130.698,33.939],[130.747,33.923],[130.769,33.947],[130.751,33.923],[130.806,33.931],[130.814,33.903],[130.74,33.875],[130.802,33.891],[130.799,33.874],[130.823,33.92],[130.856,33.929],[130.868,33.918],[130.847,33.905],[130.872,33.915],[130.863,33.896],[130.891,33.888],[130.962,33.962],[131.019,33.963],[131.015,33.92],[130.987,33.9],[131.004,33.892],[130.981,33.867],[130.993,33.851],[130.957,33.83],[130.966,33.809],[130.999,33.816],[130.982,33.784],[130.997,33.796],[130.991,33.773],[131.011,33.778],[131.003,33.75],[131.093,33.624],[131.185,33.616],[131.176,33.508],[131.029,33.518],[130.895,33.446],[130.885,33.38],[130.835,33.343],[130.867,33.267],[130.825,33.237],[130.887,33.187],[130.852,33.109],[130.679,33.171],[130.659,33.11],[130.58,33.116],[130.497,33.052],[130.505,33.003],[130.396,33.0],[130.421,33.012],[130.424,33.053],[130.355,33.14],[130.339,33.203],[130.377,33.22],[130.391,33.26],[130.415,33.253],[130.431,33.292],[130.449,33.265],[130.479,33.331],[130.535,33.343],[130.536,33.438],[130.496,33.445],[130.41,33.395],[130.395,33.427],[130.277,33.478],[130.045,33.468],[130.044,33.496],[130.122,33.509],[130.152,33.537],[130.163,33.561],[130.116,33.547],[130.133,33.568],[130.098,33.564],[130.089,33.584],[130.146,33.595],[130.209,33.667],[130.235,33.65],[130.231,33.617],[130.272,33.612],[130.273,33.582],[130.399,33.601],[130.429,33.687],[130.356,33.643],[130.295,33.663],[130.289,33.686],[130.322,33.66],[130.395,33.685],[130.466,33.753],[130.443,33.815],[130.472,33.818],[130.477,33.858],[130.516,33.86],[130.524,33.89],[130.635,33.885],[130.672,33.919]]],[[[130.822,33.93],[130.778,33.946],[130.832,33.95],[130.845,33.939],[130.822,33.93]]],[[[130.426,33.887],[130.407,33.911],[130.445,33.915],[130.426,33.887]]],[[[130.501,33.895],[130.497,33.899],[130.495,33.898],[130.494,33.905],[130.491,33.905],[130.486,33.911],[130.488,33.913],[130.49,33.913],[130.493,33.912],[130.494,33.912],[130.497,33.91],[130.498,33.908],[130.504,33.902],[130.508,33.896],[130.505,33.897],[130.503,33.896],[130.503,33.896],[130.501,33.895]]],[[[130.036,33.862],[130.033,33.865],[130.035,33.874],[130.036,33.871],[130.037,33.863],[130.036,33.862]]],[[[130.469,33.86],[130.468,33.864],[130.469,33.864],[130.471,33.864],[130.473,33.86],[130.469,33.86]]],[[[131.032,33.82],[131.029,33.835],[131.025,33.856],[131.034,33.858],[131.035,33.857],[131.035,33.853],[131.039,33.836],[131.042,33.821],[131.032,33.82]]],[[[130.977,33.828],[130.972,33.829],[130.975,33.83],[130.977,33.829],[130.977,33.828]]],[[[131.007,33.828],[131.007,33.828],[131.007,33.828],[131.008,33.829],[131.009,33.829],[131.009,33.828],[131.008,33.828],[131.007,33.828]]],[[[131.009,33.79],[131.007,33.79],[131.009,33.793],[131.011,33.794],[131.013,33.794],[131.013,33.793],[131.012,33.791],[131.009,33.79]]],[[[130.363,33.755],[130.359,33.76],[130.361,33.767],[130.372,33.765],[130.378,33.76],[130.38,33.759],[130.377,33.759],[130.372,33.76],[130.366,33.761],[130.363,33.755]]],[[[130.234,33.683],[130.232,33.683],[130.224,33.691],[130.226,33.694],[130.227,33.694],[130.235,33.692],[130.237,33.684],[130.234,33.683]]],[[[130.405,33.658],[130.402,33.663],[130.406,33.664],[130.404,33.668],[130.407,33.67],[130.407,33.669],[130.409,33.67],[130.408,33.671],[130.409,33.671],[130.416,33.675],[130.421,33.675],[130.421,33.675],[130.422,33.675],[130.423,33.674],[130.424,33.672],[130.425,33.672],[130.428,33.665],[130.428,33.664],[130.427,33.662],[130.418,33.658],[130.416,33.66],[130.414,33.661],[130.405,33.658]]],[[[130.302,33.607],[130.297,33.608],[130.294,33.615],[130.298,33.622],[130.297,33.634],[130.3,33.638],[130.306,33.636],[130.307,33.631],[130.311,33.625],[130.313,33.616],[130.309,33.612],[130.307,33.61],[130.302,33.607]]],[[[130.05,33.565],[130.043,33.57],[130.046,33.576],[130.049,33.576],[130.054,33.573],[130.053,33.569],[130.05,33.565],[130.05,33.565]]]]}},{"type":"Feature","properties":{"id":21,"name":"岐阜県","nam":"Gifu Ken"},"geometry":{"type":"Polygon","coordinates":[[[137.058,36.372],[137.161,36.457],[137.191,36.455],[137.206,36.428],[137.247,36.462],[137.309,36.464],[137.313,36.425],[137.39,36.46],[137.406,36.426],[137.512,36.423],[137.645,36.341],[137.647,36.289],[137.574,36.22],[137.595,36.172],[137.555,36.14],[137.551,36.11],[137.614,36.076],[137.595,36.013],[137.476,35.894],[137.38,35.892],[137.326,35.816],[137.459,35.761],[137.545,35.65],[137.514,35.607],[137.571,35.583],[137.574,35.544],[137.632,35.509],[137.631,35.47],[137.593,35.447],[137.633,35.399],[137.575,35.4],[137.604,35.335],[137.557,35.31],[137.561,35.284],[137.52,35.283],[137.43,35.223],[137.308,35.291],[137.186,35.253],[137.165,35.283],[137.082,35.292],[137.047,35.365],[136.978,35.404],[136.991,35.425],[136.834,35.356],[136.77,35.369],[136.678,35.241],[136.669,35.134],[136.646,35.166],[136.645,35.145],[136.616,35.15],[136.534,35.257],[136.412,35.218],[136.378,35.243],[136.413,35.371],[136.444,35.389],[136.411,35.419],[136.42,35.467],[136.387,35.488],[136.405,35.514],[136.372,35.56],[136.346,35.536],[136.318,35.547],[136.323,35.616],[136.289,35.62],[136.276,35.653],[136.324,35.717],[136.322,35.766],[136.378,35.795],[136.485,35.776],[136.506,35.75],[136.523,35.788],[136.789,35.799],[136.803,35.844],[136.832,35.858],[136.822,35.896],[136.726,35.996],[136.733,36.049],[136.764,36.068],[136.766,36.161],[136.798,36.173],[136.852,36.248],[136.792,36.299],[136.831,36.307],[136.837,36.347],[136.871,36.368],[136.875,36.343],[136.907,36.361],[136.947,36.346],[136.975,36.274],[137.052,36.33],[137.058,36.372]]]}},{"type":"Feature","properties":{"id":2,"name":"青森県","nam":"Aomori Ken"},"geometry":{"type":"MultiPolygon","coordinates":[[[[140.912,41.553],[140.91,41.556],[140.912,41.556],[140.915,41.555],[140.912,41.553]]],[[[140.779,41.211],[140.836,41.416],[140.909,41.495],[140.913,41.547],[141.003,41.486],[141.113,41.464],[141.193,41.388],[141.266,41.357],[141.372,41.37],[141.464,41.43],[141.39,41.17],[141.387,40.931],[141.416,40.753],[141.488,40.557],[141.535,40.528],[141.576,40.543],[141.683,40.451],[141.587,40.407],[141.582,40.374],[141.537,40.348],[141.443,40.376],[141.351,40.332],[141.317,40.373],[141.006,40.218],[140.947,40.258],[140.962,40.348],[140.995,40.354],[140.985,40.428],[140.861,40.441],[140.88,40.511],[140.822,40.497],[140.804,40.45],[140.736,40.44],[140.734,40.417],[140.7,40.43],[140.647,40.404],[140.59,40.437],[140.555,40.422],[140.568,40.4],[140.542,40.403],[140.528,40.432],[140.441,40.45],[140.437,40.479],[140.388,40.488],[140.335,40.44],[140.108,40.436],[140.068,40.469],[140.02,40.448],[140.02,40.42],[139.936,40.429],[139.942,40.549],[139.918,40.587],[139.872,40.583],[139.861,40.614],[139.928,40.643],[140.0,40.745],[140.052,40.769],[140.122,40.743],[140.251,40.802],[140.302,40.917],[140.324,41.046],[140.319,41.094],[140.249,41.134],[140.32,41.147],[140.339,41.26],[140.465,41.183],[140.55,41.23],[140.631,41.192],[140.661,40.949],[140.687,40.869],[140.733,40.832],[140.795,40.837],[140.859,40.888],[140.872,40.946],[140.838,40.954],[140.861,40.958],[140.88,41.01],[140.948,40.993],[140.984,40.961],[140.975,40.934],[141.064,40.914],[141.105,40.873],[141.163,40.89],[141.221,40.972],[141.247,41.106],[141.279,41.155],[141.223,41.253],[141.165,41.28],[141.144,41.235],[141.056,41.183],[140.982,41.2],[140.812,41.129],[140.765,41.145],[140.779,41.211]]],[[[140.877,41.012],[140.872,41.013],[140.872,41.014],[140.872,41.016],[140.872,41.018],[140.872,41.018],[140.877,41.012]]],[[[140.856,40.932],[140.853,40.933],[140.855,40.936],[140.857,40.934],[140.856,40.932]]],[[[139.497,40.534],[139.498,40.534],[139.498,40.534],[139.498,40.534],[139.497,40.534]]]]}},{"type":"Feature","properties":{"id":27,"name":"大阪府","nam":"Osaka Fu"},"geometry":{"type":"MultiPolygon","coordinates":[[[[135.371,35.045],[135.382,35.01],[135.491,34.989],[135.481,34.949],[135.542,34.915],[135.581,34.924],[135.557,34.938],[135.573,34.972],[135.613,34.971],[135.6,34.928],[135.643,34.93],[135.745,34.804],[135.711,34.781],[135.65,34.609],[135.682,34.585],[135.65,34.545],[135.677,34.525],[135.68,34.408],[135.508,34.337],[135.485,34.363],[135.397,34.331],[135.338,34.335],[135.293,34.299],[135.282,34.318],[135.208,34.308],[135.184,34.279],[135.111,34.272],[135.093,34.315],[135.218,34.345],[135.376,34.473],[135.378,34.532],[135.39,34.505],[135.432,34.532],[135.446,34.557],[135.41,34.561],[135.402,34.6],[135.421,34.57],[135.426,34.59],[135.452,34.565],[135.466,34.585],[135.426,34.593],[135.445,34.598],[135.423,34.619],[135.447,34.615],[135.451,34.645],[135.414,34.652],[135.424,34.693],[135.403,34.693],[135.46,34.733],[135.416,34.819],[135.445,34.898],[135.418,34.909],[135.467,34.929],[135.346,34.965],[135.354,35.024],[135.33,35.035],[135.371,35.045]]],[[[135.41,34.659],[135.409,34.659],[135.402,34.66],[135.402,34.66],[135.395,34.662],[135.388,34.663],[135.388,34.662],[135.387,34.663],[135.388,34.668],[135.391,34.669],[135.392,34.67],[135.402,34.673],[135.408,34.67],[135.409,34.669],[135.411,34.666],[135.41,34.659]]],[[[135.392,34.642],[135.379,34.66],[135.404,34.654],[135.392,34.642]]],[[[135.422,34.622],[135.398,34.638],[135.439,34.641],[135.422,34.622]]],[[[135.418,34.611],[135.417,34.612],[135.403,34.612],[135.401,34.617],[135.399,34.621],[135.402,34.621],[135.406,34.62],[135.412,34.62],[135.415,34.619],[135.417,34.62],[135.417,34.62],[135.418,34.62],[135.42,34.613],[135.419,34.611],[135.418,34.611]]],[[[135.426,34.547],[135.421,34.525],[135.399,34.536],[135.426,34.547]]],[[[135.394,34.531],[135.395,34.533],[135.396,34.533],[135.4,34.529],[135.401,34.527],[135.403,34.526],[135.401,34.521],[135.4,34.519],[135.4,34.519],[135.397,34.518],[135.395,34.518],[135.394,34.519],[135.393,34.519],[135.397,34.521],[135.395,34.523],[135.392,34.52],[135.391,34.522],[135.394,34.524],[135.393,34.525],[135.39,34.523],[135.388,34.524],[135.394,34.531]]],[[[135.334,34.446],[135.328,34.45],[135.338,34.463],[135.34,34.466],[135.347,34.459],[135.346,34.454],[135.334,34.446]]],[[[135.229,34.446],[135.265,34.438],[135.227,34.413],[135.229,34.431],[135.201,34.428],[135.229,34.446]]]]}},{"type":"Feature","properties":{"id":20,"name":"長野県","nam":"Nagano Ken"},"geometry":{"type":"Polygon","coordinates":[[[138.525,37.031],[138.566,37.021],[138.586,36.987],[138.589,36.914],[138.691,36.857],[138.696,36.808],[138.669,36.776],[138.696,36.739],[138.543,36.704],[138.514,36.69],[138.525,36.651],[138.458,36.633],[138.404,36.521],[138.401,36.435],[138.46,36.405],[138.592,36.424],[138.648,36.408],[138.654,36.303],[138.6,36.278],[138.637,36.174],[138.577,36.168],[138.645,36.12],[138.631,36.028],[138.713,35.985],[138.739,35.938],[138.729,35.909],[138.676,35.87],[138.622,35.87],[138.591,35.92],[138.454,35.9],[138.449,35.946],[138.37,35.971],[138.283,35.859],[138.238,35.882],[138.186,35.795],[138.236,35.758],[138.18,35.713],[138.219,35.644],[138.19,35.579],[138.142,35.555],[138.16,35.47],[138.119,35.448],[138.152,35.398],[138.142,35.371],[137.895,35.258],[137.872,35.219],[137.777,35.203],[137.682,35.235],[137.579,35.198],[137.546,35.253],[137.57,35.282],[137.557,35.31],[137.604,35.337],[137.575,35.4],[137.635,35.402],[137.593,35.447],[137.631,35.47],[137.632,35.509],[137.574,35.544],[137.571,35.583],[137.514,35.607],[137.545,35.65],[137.459,35.761],[137.326,35.816],[137.38,35.892],[137.476,35.894],[137.595,36.013],[137.614,36.076],[137.551,36.11],[137.555,36.14],[137.595,36.172],[137.574,36.22],[137.653,36.305],[137.645,36.341],[137.587,36.39],[137.633,36.426],[137.67,36.51],[137.705,36.518],[137.689,36.563],[137.751,36.59],[137.752,36.753],[137.876,36.867],[137.869,36.916],[138.014,36.904],[138.031,36.878],[138.003,36.827],[138.053,36.8],[138.115,36.85],[138.166,36.845],[138.214,36.87],[138.289,36.847],[138.298,36.913],[138.343,36.921],[138.395,36.997],[138.525,37.031]]]}},{"type":"Feature","properties":{"id":44,"name":"大分県","nam":"Oita Ken"},"geometry":{"type":"MultiPolygon","coordinates":[[[[131.633,33.717],[131.666,33.74],[131.701,33.73],[131.633,33.717]]],[[[131.544,33.677],[131.635,33.682],[131.691,33.641],[131.74,33.561],[131.738,33.465],[131.702,33.407],[131.628,33.42],[131.649,33.384],[131.596,33.371],[131.592,33.347],[131.499,33.361],[131.511,33.269],[131.588,33.246],[131.691,33.279],[131.758,33.24],[131.902,33.268],[131.798,33.127],[131.844,33.115],[131.9,33.134],[131.915,33.125],[131.852,33.089],[131.912,33.066],[131.941,33.096],[131.942,33.07],[131.973,33.062],[132.001,33.096],[132.015,33.058],[131.929,33.052],[131.889,32.992],[131.958,32.946],[132.003,32.959],[132.003,32.932],[132.032,32.954],[132.085,32.933],[132.027,32.936],[132.008,32.906],[131.977,32.923],[131.986,32.888],[132.015,32.89],[131.942,32.836],[132.008,32.828],[131.971,32.792],[131.954,32.807],[131.902,32.785],[131.889,32.805],[131.895,32.765],[131.874,32.791],[131.872,32.74],[131.844,32.747],[131.858,32.821],[131.767,32.838],[131.737,32.833],[131.708,32.772],[131.592,32.775],[131.566,32.754],[131.513,32.769],[131.517,32.8],[131.474,32.837],[131.359,32.804],[131.263,32.879],[131.245,32.959],[131.263,32.976],[131.174,33.083],[131.16,33.141],[131.099,33.188],[130.992,33.183],[130.978,33.141],[131.023,33.087],[130.988,33.024],[130.839,33.101],[130.887,33.187],[130.825,33.237],[130.867,33.267],[130.835,33.343],[130.885,33.38],[130.895,33.446],[130.925,33.478],[131.029,33.518],[131.176,33.508],[131.185,33.616],[131.245,33.611],[131.288,33.578],[131.43,33.574],[131.423,33.592],[131.469,33.612],[131.498,33.67],[131.544,33.677]]],[[[131.945,33.271],[131.94,33.276],[131.937,33.277],[131.937,33.278],[131.94,33.278],[131.943,33.278],[131.947,33.278],[131.95,33.279],[131.951,33.279],[131.955,33.279],[131.955,33.275],[131.952,33.274],[131.95,33.274],[131.945,33.271]]],[[[131.743,33.257],[131.738,33.26],[131.739,33.26],[131.743,33.257],[131.743,33.257]]],[[[131.894,33.235],[131.892,33.237],[131.889,33.236],[131.893,33.238],[131.895,33.238],[131.894,33.235]]],[[[131.838,33.176],[131.835,33.177],[131.835,33.178],[131.837,33.178],[131.838,33.176]]],[[[131.98,33.163],[131.98,33.164],[131.982,33.17],[131.985,33.171],[131.989,33.171],[131.991,33.171],[131.99,33.17],[131.987,33.165],[131.986,33.165],[131.98,33.163]]],[[[131.973,33.155],[131.969,33.156],[131.978,33.16],[131.978,33.161],[131.98,33.157],[131.973,33.155]]],[[[131.859,33.139],[131.856,33.14],[131.858,33.143],[131.862,33.143],[131.859,33.139]]],[[[132.003,33.097],[132.004,33.098],[132.006,33.103],[132.004,33.105],[132.004,33.109],[132.006,33.109],[132.01,33.111],[132.01,33.11],[132.014,33.107],[132.015,33.105],[132.003,33.097]]],[[[131.892,33.1],[131.892,33.104],[131.893,33.105],[131.895,33.102],[131.892,33.1]]],[[[131.924,32.98],[131.92,33.013],[131.942,33.016],[131.924,32.98]]],[[[131.911,33.007],[131.908,33.011],[131.911,33.015],[131.91,33.012],[131.911,33.007]]],[[[132.073,32.953],[132.07,32.953],[132.067,32.958],[132.066,32.962],[132.06,32.964],[132.063,32.964],[132.065,32.964],[132.066,32.964],[132.072,32.968],[132.073,32.969],[132.072,32.971],[132.073,32.971],[132.073,32.973],[132.075,32.973],[132.074,32.977],[132.076,32.976],[132.079,32.974],[132.079,32.974],[132.08,32.971],[132.078,32.969],[132.079,32.964],[132.08,32.96],[132.078,32.961],[132.076,32.96],[132.073,32.957],[132.073,32.953]]],[[[131.954,32.965],[131.953,32.968],[131.952,32.971],[131.953,32.971],[131.956,32.971],[131.957,32.971],[131.957,32.969],[131.957,32.965],[131.954,32.965]]],[[[132.047,32.914],[132.045,32.92],[132.049,32.916],[132.049,32.915],[132.047,32.914]]],[[[132.022,32.888],[132.023,32.889],[132.025,32.888],[132.022,32.888]]],[[[132.031,32.879],[132.03,32.881],[132.035,32.881],[132.034,32.88],[132.031,32.879]]],[[[131.911,32.769],[131.909,32.77],[131.907,32.773],[131.909,32.773],[131.909,32.779],[131.916,32.776],[131.918,32.776],[131.92,32.775],[131.923,32.775],[131.923,32.77],[131.919,32.77],[131.911,32.769]]],[[[131.925,32.715],[131.922,32.717],[131.921,32.72],[131.925,32.723],[131.92,32.726],[131.928,32.726],[131.929,32.725],[131.927,32.723],[131.931,32.719],[131.929,32.719],[131.929,32.717],[131.927,32.717],[131.928,32.716],[131.925,32.715]]]]}},{"type":"Feature","properties":{"id":24,"name":"三重県","nam":"Mie Ken"},"geometry":{"type":"MultiPolygon","coordinates":[[[[136.527,35.258],[136.616,35.15],[136.645,35.145],[136.646,35.166],[136.747,35.082],[136.773,35.024],[136.749,35.037],[136.651,34.993],[136.633,34.95],[136.667,34.937],[136.534,34.753],[136.524,34.679],[136.557,34.671],[136.528,34.611],[136.643,34.591],[136.665,34.559],[136.81,34.508],[136.816,34.485],[136.831,34.506],[136.849,34.472],[136.877,34.474],[136.876,34.429],[136.896,34.453],[136.923,34.445],[136.913,34.376],[136.888,34.392],[136.857,34.364],[136.813,34.368],[136.864,34.364],[136.865,34.343],[136.908,34.365],[136.878,34.337],[136.9,34.276],[136.847,34.247],[136.766,34.26],[136.751,34.27],[136.77,34.278],[136.859,34.265],[136.83,34.275],[136.867,34.287],[136.827,34.301],[136.848,34.313],[136.805,34.309],[136.805,34.328],[136.792,34.288],[136.762,34.316],[136.764,34.292],[136.724,34.304],[136.69,34.284],[136.727,34.342],[136.693,34.348],[136.682,34.324],[136.691,34.345],[136.66,34.345],[136.672,34.325],[136.638,34.308],[136.677,34.316],[136.605,34.258],[136.572,34.275],[136.591,34.295],[136.548,34.282],[136.548,34.25],[136.54,34.277],[136.527,34.259],[136.504,34.278],[136.518,34.239],[136.501,34.258],[136.484,34.239],[136.508,34.23],[136.482,34.22],[136.466,34.257],[136.441,34.248],[136.451,34.22],[136.322,34.196],[136.332,34.18],[136.278,34.162],[136.285,34.117],[136.315,34.115],[136.298,34.087],[136.249,34.095],[136.268,34.129],[136.202,34.077],[136.252,34.062],[136.244,34.039],[136.282,34.02],[136.243,34.015],[136.272,34.005],[136.271,33.973],[136.238,33.969],[136.253,33.984],[136.211,34.0],[136.192,33.972],[136.222,33.974],[136.231,33.947],[136.18,33.938],[136.198,33.92],[136.18,33.913],[136.147,33.928],[136.148,33.897],[136.118,33.899],[136.066,33.84],[136.011,33.724],[135.966,33.724],[135.856,33.818],[135.853,33.861],[135.896,33.869],[135.879,33.908],[135.893,33.92],[135.932,33.917],[135.928,33.941],[135.969,33.929],[135.977,33.966],[136.011,33.966],[135.995,34.0],[136.019,34.036],[136.103,34.026],[136.093,34.083],[136.118,34.082],[136.099,34.119],[136.114,34.159],[136.093,34.196],[136.131,34.252],[136.095,34.301],[136.129,34.316],[136.069,34.394],[136.096,34.435],[136.206,34.449],[136.229,34.494],[136.216,34.528],[136.167,34.52],[136.156,34.559],[136.114,34.546],[136.049,34.58],[136.072,34.637],[136.04,34.663],[136.064,34.652],[136.085,34.676],[136.02,34.789],[136.09,34.814],[136.086,34.837],[136.127,34.862],[136.085,34.878],[136.111,34.902],[136.25,34.858],[136.366,34.905],[136.441,35.065],[136.454,35.162],[136.408,35.187],[136.415,35.218],[136.527,35.258]]],[[[136.666,34.973],[136.653,34.992],[136.675,35.002],[136.666,34.973]]],[[[136.982,34.541],[136.981,34.542],[136.978,34.545],[136.976,34.547],[136.98,34.551],[136.986,34.55],[136.986,34.546],[136.982,34.541]]],[[[136.911,34.54],[136.907,34.542],[136.915,34.544],[136.915,34.543],[136.913,34.54],[136.911,34.54]]],[[[136.859,34.506],[136.9,34.538],[136.904,34.52],[136.859,34.506]]],[[[136.853,34.519],[136.854,34.52],[136.857,34.522],[136.863,34.52],[136.857,34.521],[136.853,34.519]]],[[[136.84,34.516],[136.835,34.517],[136.845,34.52],[136.847,34.52],[136.84,34.516]]],[[[136.836,34.502],[136.835,34.503],[136.835,34.507],[136.838,34.507],[136.836,34.503],[136.836,34.502]]],[[[136.886,34.477],[136.876,34.492],[136.908,34.503],[136.886,34.477]]],[[[136.857,34.483],[136.851,34.488],[136.858,34.491],[136.863,34.489],[136.865,34.489],[136.864,34.486],[136.857,34.483]]],[[[136.895,34.456],[136.892,34.456],[136.892,34.458],[136.897,34.461],[136.897,34.46],[136.898,34.459],[136.897,34.458],[136.896,34.457],[136.895,34.456]]],[[[136.889,34.451],[136.888,34.452],[136.889,34.453],[136.89,34.453],[136.889,34.451]]],[[[136.873,34.357],[136.872,34.359],[136.872,34.36],[136.872,34.36],[136.871,34.36],[136.87,34.362],[136.87,34.362],[136.867,34.364],[136.868,34.366],[136.869,34.366],[136.87,34.367],[136.872,34.363],[136.873,34.366],[136.874,34.367],[136.874,34.368],[136.876,34.368],[136.877,34.364],[136.873,34.357]]],[[[136.714,34.334],[136.714,34.337],[136.715,34.337],[136.715,34.336],[136.716,34.337],[136.715,34.337],[136.718,34.341],[136.719,34.337],[136.718,34.336],[136.714,34.334]]],[[[136.815,34.305],[136.813,34.305],[136.812,34.306],[136.812,34.306],[136.811,34.308],[136.812,34.309],[136.816,34.31],[136.82,34.311],[136.825,34.309],[136.825,34.307],[136.825,34.306],[136.823,34.306],[136.821,34.305],[136.819,34.306],[136.815,34.305]]],[[[136.82,34.299],[136.818,34.302],[136.818,34.302],[136.821,34.299],[136.82,34.299]]],[[[136.813,34.299],[136.812,34.301],[136.814,34.301],[136.817,34.301],[136.813,34.299]]],[[[136.68,34.295],[136.68,34.299],[136.682,34.3],[136.683,34.297],[136.68,34.295]]],[[[136.823,34.296],[136.82,34.297],[136.825,34.3],[136.825,34.298],[136.826,34.297],[136.825,34.296],[136.823,34.296]]],[[[136.816,34.296],[136.816,34.297],[136.817,34.297],[136.817,34.296],[136.816,34.296]]],[[[136.822,34.288],[136.824,34.292],[136.821,34.294],[136.819,34.294],[136.821,34.295],[136.822,34.294],[136.823,34.295],[136.825,34.294],[136.826,34.294],[136.826,34.292],[136.825,34.291],[136.827,34.291],[136.827,34.291],[136.829,34.29],[136.829,34.291],[136.83,34.29],[136.831,34.291],[136.832,34.289],[136.829,34.289],[136.826,34.289],[136.825,34.289],[136.825,34.29],[136.824,34.29],[136.822,34.288]]],[[[136.812,34.287],[136.808,34.289],[136.813,34.291],[136.813,34.292],[136.815,34.291],[136.815,34.292],[136.816,34.291],[136.818,34.292],[136.818,34.292],[136.821,34.292],[136.822,34.29],[136.82,34.29],[136.82,34.289],[136.819,34.288],[136.818,34.288],[136.817,34.29],[136.815,34.288],[136.815,34.289],[136.812,34.287]]],[[[136.825,34.285],[136.824,34.285],[136.824,34.286],[136.826,34.286],[136.825,34.285]]],[[[136.84,34.267],[136.838,34.267],[136.838,34.268],[136.838,34.269],[136.838,34.269],[136.84,34.267]]],[[[136.548,34.242],[136.547,34.245],[136.548,34.247],[136.55,34.249],[136.551,34.248],[136.553,34.248],[136.554,34.247],[136.555,34.245],[136.555,34.243],[136.552,34.243],[136.551,34.243],[136.548,34.242]]],[[[136.379,34.193],[136.376,34.196],[136.378,34.196],[136.379,34.193]]],[[[136.403,34.192],[136.402,34.192],[136.402,34.192],[136.402,34.193],[136.403,34.193],[136.404,34.193],[136.404,34.192],[136.403,34.192]]],[[[136.399,34.19],[136.399,34.19],[136.398,34.19],[136.399,34.191],[136.399,34.191],[136.399,34.191],[136.399,34.19],[136.399,34.19]]],[[[136.381,34.183],[136.378,34.183],[136.379,34.184],[136.381,34.184],[136.382,34.184],[136.381,34.183]]],[[[136.325,34.164],[136.32,34.166],[136.319,34.17],[136.317,34.175],[136.319,34.175],[136.321,34.174],[136.319,34.172],[136.321,34.17],[136.32,34.168],[136.325,34.164]]],[[[136.305,34.17],[136.304,34.17],[136.303,34.171],[136.305,34.17],[136.305,34.17]]],[[[136.301,34.157],[136.3,34.158],[136.3,34.162],[136.303,34.163],[136.304,34.163],[136.304,34.161],[136.306,34.16],[136.301,34.157]]],[[[136.366,34.148],[136.364,34.148],[136.362,34.151],[136.363,34.152],[136.366,34.151],[136.366,34.148]]],[[[136.256,34.069],[136.254,34.07],[136.252,34.073],[136.255,34.071],[136.256,34.069]]],[[[136.262,34.058],[136.256,34.06],[136.258,34.061],[136.263,34.06],[136.262,34.058]]]]}},{"type":"Feature","properties":{"id":34,"name":"広島県","nam":"Hiroshima Ken"},"geometry":{"type":"MultiPolygon","coordinates":[[[[132.859,35.093],[132.892,35.105],[132.95,35.075],[132.99,35.101],[133.033,35.068],[133.251,35.078],[133.321,35.006],[133.294,34.903],[133.378,34.805],[133.358,34.733],[133.403,34.672],[133.383,34.622],[133.453,34.535],[133.445,34.447],[133.408,34.478],[133.431,34.424],[133.404,34.436],[133.383,34.381],[133.346,34.365],[133.281,34.401],[133.244,34.391],[133.272,34.413],[133.257,34.442],[133.234,34.412],[133.122,34.383],[133.084,34.396],[133.072,34.343],[132.913,34.337],[132.847,34.292],[132.834,34.316],[132.797,34.311],[132.788,34.278],[132.754,34.282],[132.76,34.241],[132.641,34.202],[132.596,34.231],[132.538,34.194],[132.531,34.221],[132.557,34.242],[132.514,34.257],[132.491,34.337],[132.517,34.365],[132.34,34.353],[132.232,34.257],[132.22,34.233],[132.245,34.211],[132.196,34.204],[132.204,34.229],[132.145,34.236],[132.127,34.333],[132.069,34.356],[132.08,34.442],[132.036,34.502],[132.125,34.583],[132.116,34.613],[132.161,34.683],[132.13,34.708],[132.221,34.75],[132.241,34.806],[132.298,34.777],[132.316,34.801],[132.396,34.779],[132.435,34.821],[132.537,34.795],[132.615,34.843],[132.697,34.843],[132.7,34.882],[132.633,34.905],[132.684,34.951],[132.747,34.959],[132.859,35.093]]],[[[133.211,34.357],[133.174,34.367],[133.172,34.392],[133.236,34.406],[133.211,34.357]]],[[[133.171,34.373],[133.167,34.374],[133.164,34.376],[133.159,34.374],[133.156,34.375],[133.155,34.379],[133.152,34.381],[133.152,34.385],[133.158,34.387],[133.161,34.391],[133.166,34.39],[133.167,34.39],[133.168,34.388],[133.172,34.378],[133.171,34.373]]],[[[133.398,34.378],[133.397,34.379],[133.395,34.38],[133.393,34.382],[133.387,34.383],[133.389,34.384],[133.39,34.385],[133.391,34.388],[133.395,34.388],[133.397,34.388],[133.399,34.388],[133.399,34.384],[133.402,34.385],[133.403,34.384],[133.401,34.379],[133.398,34.378]]],[[[133.27,34.361],[133.265,34.364],[133.26,34.366],[133.26,34.37],[133.257,34.378],[133.26,34.384],[133.261,34.382],[133.263,34.383],[133.265,34.381],[133.266,34.381],[133.271,34.379],[133.271,34.379],[133.273,34.379],[133.275,34.379],[133.277,34.381],[133.277,34.381],[133.278,34.374],[133.274,34.369],[133.271,34.363],[133.27,34.361]]],[[[133.243,34.371],[133.238,34.374],[133.24,34.38],[133.242,34.379],[133.242,34.378],[133.245,34.375],[133.245,34.373],[133.243,34.371]]],[[[133.303,34.343],[133.3,34.367],[133.341,34.369],[133.303,34.343]]],[[[133.135,34.36],[133.133,34.361],[133.134,34.363],[133.137,34.367],[133.145,34.371],[133.146,34.371],[133.145,34.363],[133.141,34.363],[133.135,34.36]]],[[[133.099,34.36],[133.1,34.364],[133.103,34.366],[133.106,34.368],[133.108,34.366],[133.106,34.363],[133.103,34.361],[133.099,34.36]]],[[[133.112,34.318],[133.094,34.331],[133.116,34.36],[133.112,34.318]]],[[[133.192,34.275],[133.134,34.329],[133.149,34.358],[133.209,34.319],[133.192,34.275]]],[[[133.141,34.352],[133.14,34.352],[133.138,34.358],[133.141,34.357],[133.141,34.355],[133.141,34.352]]],[[[133.262,34.332],[133.265,34.337],[133.266,34.342],[133.263,34.344],[133.262,34.347],[133.271,34.351],[133.281,34.357],[133.283,34.357],[133.287,34.357],[133.287,34.354],[133.285,34.339],[133.281,34.337],[133.279,34.335],[133.276,34.335],[133.268,34.334],[133.262,34.332]]],[[[133.466,34.354],[133.465,34.357],[133.467,34.356],[133.467,34.355],[133.466,34.354]]],[[[132.463,34.34],[132.458,34.344],[132.459,34.352],[132.46,34.351],[132.461,34.351],[132.464,34.344],[132.463,34.34]]],[[[133.446,34.336],[133.444,34.337],[133.436,34.338],[133.43,34.339],[133.428,34.344],[133.43,34.348],[133.432,34.348],[133.434,34.351],[133.438,34.351],[133.447,34.342],[133.451,34.342],[133.454,34.338],[133.45,34.34],[133.446,34.337],[133.446,34.336]]],[[[132.481,34.331],[132.479,34.337],[132.476,34.346],[132.48,34.347],[132.485,34.344],[132.483,34.342],[132.485,34.341],[132.486,34.337],[132.481,34.331]]],[[[133.077,34.302],[133.061,34.314],[133.076,34.334],[133.077,34.302]]],[[[132.433,34.297],[132.415,34.302],[132.442,34.326],[132.433,34.297]]],[[[132.948,34.309],[132.942,34.317],[132.936,34.324],[132.94,34.324],[132.942,34.324],[132.947,34.316],[132.948,34.309]]],[[[132.464,34.311],[132.46,34.312],[132.462,34.317],[132.463,34.316],[132.464,34.311]]],[[[133.461,34.31],[133.458,34.316],[133.461,34.315],[133.465,34.317],[133.468,34.315],[133.47,34.314],[133.469,34.31],[133.466,34.313],[133.461,34.31]]],[[[133.083,34.256],[133.068,34.273],[133.083,34.308],[133.139,34.315],[133.143,34.286],[133.083,34.256]]],[[[132.993,34.303],[132.992,34.303],[132.988,34.315],[132.99,34.314],[132.992,34.314],[132.997,34.309],[132.997,34.309],[132.997,34.305],[132.995,34.305],[132.993,34.303]]],[[[132.274,34.231],[132.263,34.256],[132.333,34.31],[132.346,34.281],[132.274,34.231]]],[[[132.916,34.28],[132.915,34.28],[132.915,34.283],[132.912,34.282],[132.913,34.286],[132.91,34.283],[132.907,34.287],[132.905,34.285],[132.905,34.289],[132.905,34.289],[132.907,34.294],[132.91,34.295],[132.914,34.3],[132.917,34.299],[132.916,34.298],[132.914,34.295],[132.917,34.291],[132.923,34.297],[132.925,34.297],[132.924,34.286],[132.922,34.283],[132.918,34.281],[132.916,34.28]]],[[[132.428,34.128],[132.457,34.176],[132.438,34.195],[132.428,34.173],[132.372,34.259],[132.422,34.256],[132.473,34.208],[132.468,34.246],[132.432,34.253],[132.434,34.285],[132.478,34.296],[132.497,34.269],[132.471,34.18],[132.489,34.142],[132.428,34.128]]],[[[132.363,34.289],[132.362,34.289],[132.36,34.289],[132.361,34.292],[132.363,34.289]]],[[[132.814,34.287],[132.813,34.288],[132.817,34.291],[132.818,34.29],[132.814,34.287]]],[[[132.885,34.276],[132.882,34.28],[132.883,34.282],[132.882,34.286],[132.883,34.29],[132.884,34.29],[132.885,34.285],[132.887,34.281],[132.885,34.276]]],[[[132.938,34.283],[132.935,34.286],[132.942,34.288],[132.944,34.284],[132.938,34.283]]],[[[132.879,34.206],[132.837,34.242],[132.942,34.277],[132.921,34.215],[132.879,34.206]]],[[[132.803,34.269],[132.8,34.269],[132.791,34.272],[132.79,34.275],[132.805,34.282],[132.805,34.28],[132.806,34.281],[132.808,34.281],[132.811,34.277],[132.803,34.269]]],[[[132.364,34.274],[132.363,34.275],[132.361,34.276],[132.37,34.28],[132.372,34.28],[132.373,34.279],[132.377,34.279],[132.378,34.277],[132.377,34.274],[132.375,34.274],[132.372,34.275],[132.37,34.275],[132.367,34.274],[132.364,34.274]]],[[[132.906,34.271],[132.907,34.278],[132.908,34.278],[132.91,34.277],[132.91,34.274],[132.906,34.271]]],[[[132.888,34.269],[132.886,34.271],[132.888,34.271],[132.889,34.271],[132.89,34.271],[132.888,34.269]]],[[[132.875,34.255],[132.872,34.257],[132.868,34.258],[132.869,34.263],[132.863,34.263],[132.865,34.269],[132.868,34.268],[132.868,34.271],[132.87,34.27],[132.872,34.268],[132.873,34.269],[132.875,34.268],[132.875,34.267],[132.873,34.262],[132.876,34.259],[132.875,34.255]]],[[[132.77,34.264],[132.773,34.268],[132.775,34.268],[132.774,34.265],[132.772,34.265],[132.77,34.264]]],[[[132.784,34.256],[132.781,34.257],[132.782,34.262],[132.786,34.26],[132.786,34.259],[132.787,34.256],[132.784,34.256]]],[[[132.779,34.258],[132.773,34.261],[132.773,34.261],[132.776,34.26],[132.779,34.258]]],[[[132.861,34.251],[132.86,34.253],[132.861,34.255],[132.861,34.253],[132.861,34.251]]],[[[132.865,34.253],[132.865,34.253],[132.864,34.254],[132.865,34.254],[132.865,34.254],[132.865,34.254],[132.865,34.253],[132.865,34.253]]],[[[132.357,34.236],[132.354,34.238],[132.354,34.242],[132.356,34.241],[132.357,34.236]]],[[[132.694,34.217],[132.691,34.221],[132.695,34.223],[132.7,34.221],[132.7,34.219],[132.694,34.217]]],[[[132.738,34.158],[132.686,34.196],[132.759,34.192],[132.738,34.158]]],[[[132.663,34.17],[132.648,34.185],[132.676,34.203],[132.663,34.17]]],[[[132.318,34.195],[132.316,34.199],[132.318,34.201],[132.319,34.199],[132.318,34.195]]],[[[132.55,34.079],[132.534,34.103],[132.448,34.094],[132.503,34.133],[132.495,34.17],[132.526,34.2],[132.556,34.18],[132.521,34.155],[132.557,34.151],[132.539,34.107],[132.575,34.128],[132.591,34.115],[132.55,34.079]]],[[[132.511,34.192],[132.513,34.199],[132.514,34.198],[132.514,34.194],[132.511,34.192]]],[[[132.301,34.184],[132.295,34.199],[132.318,34.191],[132.301,34.184]]],[[[132.809,34.187],[132.806,34.188],[132.809,34.19],[132.808,34.193],[132.811,34.195],[132.813,34.195],[132.819,34.197],[132.821,34.192],[132.815,34.19],[132.814,34.188],[132.809,34.187]]],[[[132.82,34.151],[132.799,34.158],[132.811,34.18],[132.849,34.196],[132.867,34.18],[132.82,34.151]]],[[[132.857,34.191],[132.855,34.195],[132.857,34.195],[132.859,34.192],[132.857,34.191]]],[[[132.772,34.161],[132.785,34.189],[132.796,34.17],[132.772,34.161]]],[[[132.398,34.147],[132.383,34.177],[132.411,34.169],[132.398,34.147]]],[[[132.573,34.156],[132.57,34.156],[132.57,34.161],[132.577,34.168],[132.578,34.166],[132.579,34.16],[132.577,34.159],[132.573,34.156]]],[[[132.43,34.147],[132.428,34.15],[132.428,34.152],[132.429,34.152],[132.43,34.154],[132.432,34.156],[132.439,34.161],[132.439,34.158],[132.441,34.156],[132.441,34.153],[132.442,34.153],[132.43,34.147]]],[[[132.669,34.151],[132.666,34.154],[132.667,34.157],[132.669,34.156],[132.67,34.159],[132.671,34.159],[132.673,34.159],[132.672,34.154],[132.672,34.151],[132.669,34.151]]],[[[132.651,34.151],[132.652,34.156],[132.653,34.156],[132.655,34.156],[132.657,34.158],[132.658,34.157],[132.655,34.153],[132.651,34.151]]],[[[132.76,34.148],[132.758,34.154],[132.76,34.154],[132.764,34.154],[132.772,34.158],[132.774,34.156],[132.773,34.153],[132.767,34.151],[132.763,34.15],[132.76,34.148]]],[[[132.319,34.119],[132.318,34.119],[132.317,34.12],[132.315,34.121],[132.313,34.122],[132.317,34.124],[132.319,34.119]]],[[[132.786,34.114],[132.788,34.122],[132.791,34.122],[132.791,34.121],[132.792,34.119],[132.796,34.121],[132.8,34.121],[132.796,34.115],[132.792,34.115],[132.786,34.114]]],[[[132.553,34.068],[132.549,34.07],[132.547,34.069],[132.54,34.069],[132.548,34.079],[132.549,34.079],[132.549,34.078],[132.547,34.077],[132.549,34.072],[132.555,34.075],[132.559,34.072],[132.553,34.068]]],[[[132.53,34.047],[132.521,34.05],[132.519,34.053],[132.521,34.053],[132.524,34.057],[132.527,34.063],[132.527,34.065],[132.53,34.069],[132.532,34.074],[132.535,34.071],[132.538,34.068],[132.534,34.048],[132.53,34.047]]],[[[132.465,34.057],[132.462,34.061],[132.463,34.059],[132.465,34.061],[132.467,34.057],[132.465,34.057]]],[[[132.485,34.035],[132.484,34.037],[132.486,34.041],[132.493,34.046],[132.497,34.046],[132.493,34.043],[132.488,34.038],[132.485,34.035]]]]}},{"type":"Feature","properties":{"id":1,"name":"北海道","nam":"Hokkai Do"},"geometry":{"type":"MultiPolygon","coordinates":[[[[141.579,45.177],[141.572,45.235],[141.655,45.35],[141.646,45.451],[141.682,45.404],[141.796,45.408],[141.858,45.435],[141.893,45.512],[141.943,45.522],[142.051,45.403],[142.17,45.341],[142.389,45.138],[142.505,45.061],[142.66,44.842],[142.997,44.558],[143.349,44.372],[143.417,44.309],[143.56,44.253],[143.9,44.154],[144.247,44.113],[144.256,44.041],[144.299,43.984],[144.407,43.945],[144.622,43.918],[144.795,43.932],[145.016,44.1],[145.192,44.196],[145.333,44.346],[145.367,44.259],[145.256,44.126],[145.24,44.059],[145.095,43.893],[145.091,43.837],[145.062,43.808],[145.068,43.753],[145.146,43.646],[145.341,43.587],[145.345,43.559],[145.291,43.552],[145.34,43.572],[145.314,43.582],[145.326,43.593],[145.245,43.593],[145.267,43.61],[145.197,43.625],[145.197,43.6],[145.221,43.587],[145.275,43.41],[145.386,43.292],[145.492,43.267],[145.651,43.391],[145.763,43.4],[145.817,43.386],[145.813,43.37],[145.57,43.284],[145.558,43.22],[145.507,43.184],[145.522,43.166],[145.406,43.186],[145.203,43.137],[145.147,43.145],[145.115,43.123],[145.118,43.081],[145.088,43.047],[144.974,42.982],[144.877,42.987],[144.834,43.014],[144.854,43.05],[144.8,43.059],[144.723,42.98],[144.775,42.934],[144.452,42.944],[144.365,42.972],[144.36,43.0],[144.27,43.003],[144.049,42.942],[143.92,42.875],[143.598,42.642],[143.389,42.416],[143.31,42.261],[143.336,42.191],[143.312,42.055],[143.26,42.003],[143.25,41.926],[143.136,42.027],[142.965,42.119],[142.818,42.142],[142.485,42.271],[142.278,42.377],[142.196,42.447],[142.029,42.485],[141.872,42.59],[141.631,42.629],[141.696,42.658],[141.351,42.543],[141.125,42.42],[141.002,42.302],[140.931,42.337],[140.951,42.348],[140.982,42.324],[141.008,42.348],[140.917,42.37],[140.872,42.461],[140.781,42.5],[140.774,42.537],[140.71,42.584],[140.584,42.568],[140.469,42.587],[140.316,42.42],[140.277,42.311],[140.287,42.253],[140.399,42.216],[140.546,42.115],[140.707,42.139],[140.76,42.117],[140.959,41.918],[141.148,41.855],[141.186,41.803],[141.113,41.787],[141.054,41.727],[140.968,41.711],[140.775,41.775],[140.702,41.741],[140.702,41.785],[140.715,41.767],[140.727,41.781],[140.717,41.807],[140.641,41.817],[140.602,41.743],[140.445,41.685],[140.439,41.555],[140.409,41.517],[140.259,41.482],[140.199,41.399],[140.145,41.429],[140.089,41.418],[140.029,41.462],[139.984,41.606],[140.072,41.806],[140.122,41.822],[140.133,41.976],[140.026,42.113],[139.923,42.134],[139.881,42.208],[139.815,42.222],[139.775,42.26],[139.782,42.354],[139.829,42.394],[139.852,42.463],[139.823,42.614],[139.897,42.68],[140.046,42.695],[140.142,42.753],[140.186,42.828],[140.247,42.769],[140.305,42.779],[140.306,42.829],[140.391,42.923],[140.522,42.992],[140.526,43.032],[140.326,43.222],[140.36,43.316],[140.347,43.334],[140.425,43.33],[140.46,43.346],[140.463,43.372],[140.497,43.373],[140.63,43.298],[140.641,43.267],[140.777,43.226],[140.792,43.195],[141.017,43.24],[141.011,43.192],[141.162,43.145],[141.289,43.198],[141.424,43.329],[141.429,43.42],[141.359,43.519],[141.386,43.587],[141.33,43.725],[141.388,43.807],[141.562,43.86],[141.626,43.92],[141.632,43.96],[141.648,43.945],[141.649,44.315],[141.747,44.433],[141.792,44.644],[141.723,44.92],[141.579,45.177]]],[[[141.032,45.275],[140.968,45.465],[141.009,45.434],[141.036,45.442],[141.033,45.462],[141.068,45.424],[141.032,45.275]]],[[[141.15,45.225],[141.199,45.26],[141.274,45.235],[141.318,45.198],[141.331,45.152],[141.281,45.108],[141.229,45.1],[141.142,45.163],[141.128,45.186],[141.15,45.225]]],[[[146.979,44.649],[146.976,44.653],[146.979,44.654],[146.982,44.653],[146.979,44.65],[146.979,44.649]]],[[[145.747,44.065],[145.744,44.104],[145.992,44.325],[146.007,44.382],[146.129,44.509],[146.174,44.516],[146.25,44.447],[146.333,44.419],[146.497,44.425],[146.578,44.456],[146.535,44.38],[146.491,44.354],[146.434,44.377],[146.299,44.278],[146.116,44.265],[146.069,44.235],[146.046,44.184],[145.924,44.137],[145.864,44.053],[145.878,44.021],[145.814,44.017],[145.781,43.933],[145.654,43.91],[145.593,43.871],[145.545,43.658],[145.546,43.732],[145.435,43.719],[145.403,43.837],[145.747,44.065]]],[[[141.424,44.429],[141.382,44.434],[141.426,44.447],[141.424,44.429]]],[[[141.295,44.414],[141.293,44.42],[141.294,44.422],[141.299,44.425],[141.301,44.424],[141.306,44.428],[141.315,44.435],[141.327,44.444],[141.329,44.442],[141.328,44.439],[141.331,44.438],[141.336,44.432],[141.33,44.426],[141.322,44.42],[141.321,44.417],[141.295,44.414]]],[[[146.645,43.703],[146.626,43.757],[146.613,43.735],[146.586,43.744],[146.608,43.77],[146.586,43.808],[146.699,43.832],[146.749,43.819],[146.725,43.847],[146.774,43.876],[146.826,43.869],[146.826,43.89],[146.921,43.839],[146.899,43.807],[146.841,43.81],[146.829,43.796],[146.851,43.788],[146.812,43.792],[146.727,43.735],[146.697,43.747],[146.676,43.708],[146.645,43.703]]],[[[146.852,43.79],[146.85,43.793],[146.853,43.793],[146.855,43.793],[146.852,43.79]]],[[[146.791,43.745],[146.789,43.747],[146.797,43.752],[146.795,43.752],[146.791,43.753],[146.792,43.754],[146.793,43.757],[146.796,43.761],[146.799,43.76],[146.8,43.761],[146.803,43.761],[146.804,43.759],[146.805,43.758],[146.807,43.758],[146.807,43.753],[146.805,43.751],[146.804,43.751],[146.798,43.748],[146.791,43.745]]],[[[146.714,43.733],[146.712,43.734],[146.712,43.737],[146.716,43.736],[146.714,43.733]]],[[[146.697,43.721],[146.695,43.725],[146.694,43.729],[146.686,43.728],[146.685,43.732],[146.693,43.735],[146.699,43.73],[146.706,43.73],[146.703,43.727],[146.702,43.725],[146.7,43.724],[146.697,43.721]]],[[[146.358,43.619],[146.27,43.629],[146.316,43.651],[146.358,43.619]]],[[[145.241,43.571],[145.234,43.572],[145.242,43.572],[145.247,43.574],[145.249,43.574],[145.251,43.574],[145.247,43.572],[145.241,43.571]]],[[[145.324,43.569],[145.324,43.57],[145.33,43.572],[145.329,43.571],[145.329,43.57],[145.324,43.569]]],[[[146.405,43.566],[146.402,43.567],[146.401,43.57],[146.403,43.571],[146.405,43.566]]],[[[145.328,43.567],[145.318,43.567],[145.323,43.569],[145.328,43.569],[145.33,43.569],[145.328,43.567]]],[[[146.116,43.459],[146.061,43.523],[146.131,43.549],[146.208,43.534],[146.18,43.505],[146.195,43.489],[146.116,43.459]]],[[[145.898,43.417],[145.892,43.448],[145.861,43.456],[145.949,43.456],[145.933,43.438],[145.954,43.425],[145.898,43.417]]],[[[146.044,43.403],[146.026,43.409],[146.045,43.431],[146.11,43.439],[146.044,43.403]]],[[[146.164,43.414],[146.155,43.416],[146.163,43.42],[146.164,43.422],[146.168,43.424],[146.168,43.42],[146.167,43.419],[146.164,43.414]]],[[[146.152,43.408],[146.15,43.408],[146.156,43.413],[146.159,43.411],[146.152,43.408]]],[[[145.891,43.382],[145.89,43.382],[145.889,43.385],[145.892,43.385],[145.894,43.385],[145.893,43.383],[145.891,43.382]]],[[[145.998,43.362],[145.988,43.374],[146.022,43.379],[145.998,43.362]]],[[[140.603,43.307],[140.6,43.308],[140.601,43.309],[140.604,43.309],[140.603,43.307]]],[[[145.67,43.298],[145.67,43.299],[145.672,43.3],[145.674,43.3],[145.67,43.298]]],[[[145.609,43.225],[145.603,43.228],[145.604,43.229],[145.608,43.231],[145.608,43.231],[145.614,43.227],[145.609,43.225]]],[[[141.264,43.202],[141.273,43.208],[141.288,43.224],[141.29,43.229],[141.288,43.224],[141.273,43.208],[141.264,43.202]]],[[[145.6,43.206],[145.589,43.208],[145.59,43.212],[145.588,43.214],[145.596,43.222],[145.598,43.222],[145.598,43.222],[145.6,43.218],[145.605,43.219],[145.604,43.216],[145.609,43.215],[145.61,43.212],[145.602,43.209],[145.6,43.206]]],[[[145.127,43.068],[145.129,43.071],[145.13,43.074],[145.122,43.08],[145.12,43.08],[145.12,43.082],[145.122,43.081],[145.126,43.081],[145.127,43.083],[145.13,43.083],[145.135,43.083],[145.138,43.082],[145.142,43.082],[145.143,43.082],[145.155,43.085],[145.157,43.085],[145.164,43.085],[145.165,43.08],[145.174,43.077],[145.163,43.078],[145.156,43.078],[145.15,43.073],[145.151,43.071],[145.137,43.069],[145.127,43.068]]],[[[145.098,43.046],[145.096,43.047],[145.098,43.053],[145.1,43.053],[145.105,43.053],[145.113,43.053],[145.117,43.053],[145.116,43.051],[145.108,43.049],[145.104,43.049],[145.098,43.046]]],[[[144.866,42.947],[144.867,42.952],[144.872,42.96],[144.873,42.965],[144.876,42.962],[144.88,42.958],[144.877,42.955],[144.872,42.949],[144.866,42.947]]],[[[139.45,42.052],[139.422,42.072],[139.407,42.18],[139.439,42.217],[139.559,42.253],[139.504,42.097],[139.45,42.052]]],[[[139.341,41.496],[139.341,41.526],[139.384,41.51],[139.341,41.496]]],[[[139.8,41.353],[139.8,41.358],[139.794,41.358],[139.798,41.363],[139.803,41.366],[139.812,41.364],[139.814,41.365],[139.816,41.365],[139.816,41.36],[139.809,41.355],[139.803,41.355],[139.8,41.353]]],[[[141.919,45.526],[141.919,45.526],[141.919,45.526],[141.919,45.526],[141.92,45.526],[141.92,45.526],[141.92,45.526],[141.92,45.526],[141.92,45.526],[141.92,45.525],[141.92,45.525],[141.919,45.525],[141.919,45.525],[141.919,45.525],[141.919,45.526],[141.919,45.526],[141.919,45.526],[141.919,45.526]]],[[[140.962,45.506],[140.962,45.505],[140.962,45.505],[140.962,45.506],[140.962,45.506]]],[[[140.961,45.505],[140.961,45.505],[140.961,45.505],[140.962,45.505],[140.962,45.505],[140.962,45.505],[140.961,45.504],[140.961,45.504],[140.961,45.505],[140.961,45.505]]],[[[140.967,45.484],[140.968,45.484],[140.968,45.483],[140.967,45.483],[140.967,45.484]]],[[[140.961,45.474],[140.962,45.474],[140.963,45.474],[140.961,45.473],[140.961,45.474]]],[[[140.964,45.481],[140.965,45.48],[140.966,45.479],[140.966,45.478],[140.967,45.478],[140.968,45.479],[140.969,45.479],[140.97,45.48],[140.971,45.48],[140.972,45.478],[140.97,45.476],[140.968,45.475],[140.966,45.476],[140.964,45.475],[140.962,45.476],[140.962,45.478],[140.964,45.481]]],[[[143.257,41.916],[143.258,41.916],[143.258,41.915],[143.257,41.915],[143.257,41.916]]],[[[139.402,42.178],[139.406,42.177],[139.407,42.176],[139.406,42.174],[139.405,42.175],[139.404,42.176],[139.402,42.178]]]]}},{"type":"Feature","properties":{"id":28,"name":"兵庫県","nam":"Hyogo Ken"},"geometry":{"type":"MultiPolygon","coordinates":[[[[134.867,35.658],[134.854,35.588],[134.926,35.513],[135.035,35.54],[135.045,35.509],[135.048,35.407],[134.99,35.386],[134.934,35.407],[134.926,35.311],[135.057,35.264],[135.068,35.237],[135.109,35.266],[135.158,35.26],[135.156,35.226],[135.197,35.203],[135.187,35.172],[135.274,35.177],[135.282,35.145],[135.389,35.129],[135.399,35.076],[135.33,35.035],[135.354,35.024],[135.346,34.965],[135.467,34.925],[135.418,34.909],[135.445,34.898],[135.416,34.819],[135.46,34.733],[135.392,34.68],[135.374,34.679],[135.401,34.699],[135.371,34.681],[135.323,34.726],[135.19,34.686],[135.183,34.649],[135.06,34.625],[134.965,34.646],[134.848,34.72],[134.826,34.706],[134.81,34.742],[134.747,34.768],[134.65,34.771],[134.655,34.788],[134.645,34.767],[134.622,34.784],[134.571,34.758],[134.528,34.783],[134.474,34.755],[134.466,34.808],[134.463,34.765],[134.43,34.764],[134.411,34.728],[134.358,34.751],[134.321,34.722],[134.334,34.768],[134.316,34.802],[134.263,34.827],[134.263,34.885],[134.294,34.908],[134.254,34.938],[134.286,34.996],[134.267,35.022],[134.316,35.043],[134.318,35.083],[134.349,35.09],[134.366,35.145],[134.408,35.148],[134.385,35.224],[134.462,35.237],[134.515,35.277],[134.513,35.354],[134.472,35.378],[134.48,35.425],[134.44,35.443],[134.412,35.515],[134.421,35.563],[134.37,35.615],[134.537,35.67],[134.622,35.639],[134.657,35.666],[134.662,35.648],[134.764,35.675],[134.841,35.643],[134.867,35.658]]],[[[134.671,35.661],[134.671,35.666],[134.673,35.665],[134.673,35.662],[134.671,35.661]]],[[[134.698,34.76],[134.689,34.76],[134.692,34.768],[134.701,34.771],[134.698,34.76]]],[[[135.33,34.71],[135.325,34.71],[135.325,34.715],[135.325,34.717],[135.33,34.722],[135.335,34.721],[135.341,34.718],[135.341,34.716],[135.339,34.711],[135.334,34.71],[135.331,34.71],[135.33,34.71]]],[[[135.294,34.705],[135.294,34.705],[135.293,34.71],[135.292,34.712],[135.293,34.715],[135.295,34.715],[135.294,34.718],[135.294,34.718],[135.295,34.719],[135.297,34.719],[135.298,34.717],[135.303,34.717],[135.304,34.706],[135.304,34.706],[135.294,34.705]]],[[[135.321,34.705],[135.312,34.706],[135.312,34.708],[135.307,34.708],[135.306,34.712],[135.306,34.713],[135.308,34.714],[135.312,34.714],[135.316,34.715],[135.322,34.716],[135.322,34.715],[135.322,34.706],[135.321,34.705]]],[[[135.347,34.703],[135.345,34.705],[135.342,34.714],[135.343,34.715],[135.345,34.715],[135.348,34.714],[135.348,34.714],[135.348,34.713],[135.35,34.711],[135.352,34.709],[135.352,34.709],[135.353,34.709],[135.353,34.707],[135.347,34.703]]],[[[134.853,34.694],[134.84,34.696],[134.846,34.708],[134.852,34.706],[134.854,34.708],[134.85,34.71],[134.849,34.71],[134.848,34.712],[134.856,34.71],[134.858,34.711],[134.862,34.707],[134.853,34.694]]],[[[134.868,34.699],[134.864,34.701],[134.864,34.702],[134.869,34.702],[134.872,34.701],[134.884,34.692],[134.877,34.685],[134.872,34.687],[134.863,34.69],[134.857,34.692],[134.861,34.697],[134.866,34.696],[134.869,34.696],[134.87,34.698],[134.868,34.699]]],[[[135.255,34.678],[135.252,34.693],[135.264,34.698],[135.265,34.696],[135.272,34.696],[135.273,34.699],[135.276,34.698],[135.281,34.698],[135.283,34.697],[135.288,34.697],[135.289,34.691],[135.279,34.692],[135.279,34.69],[135.286,34.689],[135.289,34.688],[135.291,34.682],[135.275,34.68],[135.267,34.679],[135.255,34.678]]],[[[134.639,34.683],[134.637,34.685],[134.636,34.687],[134.639,34.687],[134.64,34.686],[134.639,34.683]]],[[[134.542,34.659],[134.508,34.677],[134.535,34.686],[134.542,34.659]]],[[[135.217,34.65],[135.201,34.674],[135.22,34.683],[135.245,34.651],[135.217,34.65]]],[[[134.61,34.676],[134.608,34.677],[134.607,34.677],[134.606,34.679],[134.608,34.679],[134.609,34.679],[134.61,34.676]]],[[[134.573,34.651],[134.574,34.677],[134.591,34.663],[134.573,34.651]]],[[[134.468,34.641],[134.466,34.666],[134.495,34.669],[134.5,34.645],[134.468,34.641]]],[[[134.516,34.636],[134.51,34.639],[134.507,34.641],[134.501,34.643],[134.501,34.645],[134.503,34.647],[134.502,34.648],[134.503,34.651],[134.504,34.65],[134.507,34.652],[134.509,34.652],[134.513,34.654],[134.512,34.655],[134.513,34.656],[134.514,34.659],[134.516,34.655],[134.518,34.655],[134.516,34.65],[134.514,34.651],[134.511,34.649],[134.509,34.648],[134.511,34.647],[134.511,34.644],[134.517,34.645],[134.515,34.642],[134.517,34.641],[134.515,34.639],[134.516,34.636]]],[[[134.434,34.648],[134.434,34.651],[134.437,34.653],[134.439,34.654],[134.441,34.65],[134.441,34.65],[134.437,34.649],[134.436,34.648],[134.434,34.648]]],[[[134.531,34.642],[134.529,34.643],[134.532,34.646],[134.534,34.643],[134.531,34.642]]],[[[134.588,34.638],[134.584,34.643],[134.584,34.645],[134.588,34.639],[134.588,34.638]]],[[[135.212,34.628],[135.209,34.63],[135.209,34.635],[135.216,34.641],[135.226,34.643],[135.237,34.643],[135.239,34.639],[135.239,34.637],[135.241,34.637],[135.241,34.634],[135.228,34.632],[135.217,34.631],[135.212,34.628]]],[[[134.497,34.63],[134.497,34.633],[134.499,34.637],[134.5,34.631],[134.497,34.63]]],[[[134.787,34.427],[134.983,34.603],[135.02,34.591],[134.979,34.503],[134.895,34.418],[134.895,34.344],[134.952,34.267],[134.729,34.189],[134.7,34.221],[134.721,34.255],[134.658,34.241],[134.675,34.257],[134.654,34.294],[134.686,34.33],[134.729,34.33],[134.787,34.427]]],[[[134.476,34.593],[134.477,34.597],[134.479,34.6],[134.481,34.599],[134.485,34.599],[134.481,34.594],[134.481,34.594],[134.48,34.594],[134.476,34.593]]],[[[134.957,34.276],[134.956,34.277],[134.957,34.28],[134.954,34.285],[134.951,34.291],[134.947,34.293],[134.945,34.298],[134.947,34.298],[134.951,34.294],[134.958,34.28],[134.957,34.276]]],[[[134.812,34.156],[134.812,34.163],[134.813,34.167],[134.816,34.167],[134.817,34.167],[134.819,34.17],[134.819,34.17],[134.821,34.17],[134.819,34.174],[134.82,34.179],[134.824,34.178],[134.825,34.175],[134.828,34.174],[134.83,34.17],[134.83,34.166],[134.825,34.16],[134.823,34.158],[134.816,34.157],[134.812,34.156]]]]}},{"type":"Feature","properties":{"id":12,"name":"千葉県","nam":"Chiba Ken"},"geometry":{"type":"MultiPolygon","coordinates":[[[[139.776,36.091],[139.801,36.092],[139.884,35.989],[139.934,35.968],[139.939,35.94],[140.155,35.843],[140.318,35.864],[140.458,35.926],[140.503,35.906],[140.487,35.928],[140.511,35.959],[140.632,35.859],[140.706,35.837],[140.747,35.782],[140.82,35.74],[140.861,35.745],[140.871,35.718],[140.865,35.693],[140.831,35.713],[140.655,35.688],[140.525,35.603],[140.411,35.462],[140.392,35.377],[140.415,35.307],[140.384,35.187],[140.312,35.134],[140.299,35.151],[140.234,35.115],[140.122,35.116],[140.084,35.063],[139.982,35.011],[139.956,34.931],[139.888,34.9],[139.837,34.903],[139.812,34.943],[139.754,34.967],[139.858,35.003],[139.811,35.039],[139.832,35.044],[139.821,35.072],[139.842,35.087],[139.817,35.177],[139.87,35.235],[139.842,35.294],[139.781,35.315],[139.839,35.334],[139.823,35.344],[139.856,35.351],[139.845,35.375],[139.897,35.358],[139.919,35.388],[139.905,35.432],[139.974,35.448],[139.982,35.475],[139.99,35.452],[140.007,35.479],[140.023,35.467],[140.011,35.484],[140.061,35.544],[140.096,35.535],[140.088,35.552],[140.116,35.551],[140.091,35.564],[140.127,35.568],[140.086,35.569],[140.082,35.588],[140.114,35.572],[140.118,35.596],[139.988,35.655],[140.003,35.66],[139.985,35.692],[139.931,35.675],[139.947,35.67],[139.918,35.655],[139.94,35.641],[139.873,35.625],[139.886,35.677],[139.919,35.698],[139.881,35.765],[139.9,35.865],[139.776,36.091]]],[[[139.964,35.672],[139.959,35.673],[139.96,35.675],[139.96,35.679],[139.963,35.681],[139.967,35.679],[139.971,35.681],[139.978,35.679],[139.978,35.676],[139.971,35.677],[139.972,35.675],[139.979,35.673],[139.979,35.67],[139.979,35.67],[139.972,35.671],[139.964,35.672]]],[[[139.768,35.314],[139.768,35.316],[139.769,35.315],[139.771,35.316],[139.777,35.316],[139.771,35.315],[139.768,35.314]]],[[[139.743,35.311],[139.74,35.311],[139.739,35.312],[139.743,35.313],[139.743,35.311]]]]}},{"type":"Feature","properties":{"id":16,"name":"富山県","nam":"Toyama Ken"},"geometry":{"type":"Polygon","coordinates":[[[137.635,36.98],[137.72,36.926],[137.73,36.827],[137.762,36.77],[137.762,36.665],[137.751,36.59],[137.689,36.563],[137.705,36.518],[137.67,36.51],[137.633,36.426],[137.592,36.391],[137.54,36.393],[137.505,36.425],[137.406,36.426],[137.39,36.46],[137.313,36.425],[137.309,36.464],[137.247,36.462],[137.206,36.428],[137.191,36.455],[137.161,36.457],[136.975,36.274],[136.947,36.346],[136.907,36.361],[136.875,36.343],[136.871,36.368],[136.837,36.347],[136.831,36.307],[136.792,36.299],[136.784,36.342],[136.807,36.358],[136.769,36.43],[136.796,36.444],[136.817,36.552],[136.792,36.569],[136.784,36.623],[136.824,36.67],[136.789,36.718],[136.847,36.758],[136.895,36.925],[137.037,36.967],[137.052,36.96],[137.032,36.924],[136.984,36.873],[137.016,36.83],[137.113,36.782],[137.092,36.771],[137.317,36.759],[137.392,36.807],[137.435,36.931],[137.635,36.98]]]}},{"type":"Feature","properties":{"id":13,"name":"東京都","nam":"Tokyo To"},"geometry":{"type":"MultiPolygon","coordinates":[[[[138.944,35.855],[139.024,35.897],[139.196,35.84],[139.301,35.834],[139.326,35.795],[139.37,35.791],[139.392,35.763],[139.542,35.807],[139.544,35.782],[139.516,35.765],[139.548,35.774],[139.548,35.754],[139.589,35.779],[139.622,35.767],[139.642,35.798],[139.738,35.781],[139.756,35.813],[139.821,35.815],[139.827,35.794],[139.894,35.783],[139.881,35.765],[139.919,35.698],[139.873,35.639],[139.806,35.641],[139.799,35.622],[139.779,35.637],[139.796,35.65],[139.777,35.642],[139.79,35.657],[139.762,35.653],[139.744,35.589],[139.754,35.562],[139.786,35.57],[139.809,35.538],[139.79,35.527],[139.702,35.537],[139.665,35.589],[139.562,35.633],[139.525,35.643],[139.497,35.605],[139.463,35.625],[139.453,35.605],[139.507,35.576],[139.473,35.576],[139.485,35.504],[139.468,35.502],[139.399,35.584],[139.241,35.606],[139.216,35.646],[139.026,35.719],[138.944,35.855]]],[[[139.821,35.634],[139.82,35.639],[139.823,35.642],[139.826,35.643],[139.825,35.64],[139.833,35.64],[139.833,35.638],[139.825,35.638],[139.826,35.635],[139.821,35.634]]],[[[139.858,35.636],[139.855,35.637],[139.85,35.638],[139.85,35.639],[139.85,35.64],[139.858,35.638],[139.858,35.636],[139.858,35.636]]],[[[139.867,35.634],[139.867,35.634],[139.861,35.636],[139.862,35.637],[139.864,35.637],[139.868,35.634],[139.867,35.634]]],[[[139.769,35.626],[139.777,35.631],[139.777,35.631],[139.777,35.632],[139.777,35.632],[139.777,35.632],[139.775,35.635],[139.775,35.635],[139.773,35.634],[139.773,35.633],[139.771,35.633],[139.771,35.634],[139.772,35.634],[139.776,35.636],[139.777,35.636],[139.782,35.63],[139.783,35.629],[139.785,35.626],[139.785,35.626],[139.781,35.624],[139.781,35.623],[139.793,35.61],[139.787,35.602],[139.785,35.604],[139.773,35.618],[139.774,35.619],[139.774,35.62],[139.771,35.619],[139.771,35.619],[139.771,35.619],[139.768,35.621],[139.768,35.622],[139.768,35.626],[139.769,35.626]]],[[[139.753,35.624],[139.754,35.631],[139.755,35.634],[139.759,35.634],[139.759,35.628],[139.759,35.619],[139.753,35.619],[139.753,35.624]]],[[[139.835,35.612],[139.832,35.616],[139.832,35.621],[139.827,35.62],[139.827,35.63],[139.832,35.631],[139.837,35.631],[139.839,35.631],[139.839,35.614],[139.835,35.612]]],[[[139.795,35.614],[139.785,35.625],[139.79,35.628],[139.797,35.619],[139.798,35.618],[139.795,35.614]]],[[[139.749,35.589],[139.758,35.617],[139.787,35.58],[139.749,35.589]]],[[[139.792,35.594],[139.79,35.596],[139.791,35.597],[139.794,35.601],[139.795,35.602],[139.799,35.607],[139.811,35.613],[139.819,35.609],[139.792,35.594]]],[[[139.813,35.59],[139.806,35.599],[139.82,35.607],[139.827,35.597],[139.813,35.59]]],[[[139.806,35.586],[139.795,35.592],[139.794,35.592],[139.793,35.592],[139.793,35.593],[139.804,35.598],[139.812,35.589],[139.806,35.586]]],[[[139.766,35.565],[139.758,35.568],[139.758,35.574],[139.764,35.575],[139.774,35.575],[139.766,35.565]]],[[[139.439,34.679],[139.359,34.702],[139.36,34.799],[139.434,34.77],[139.439,34.679]]],[[[139.275,34.511],[139.268,34.517],[139.268,34.527],[139.275,34.532],[139.28,34.532],[139.28,34.534],[139.281,34.534],[139.281,34.532],[139.283,34.532],[139.284,34.532],[139.288,34.531],[139.293,34.524],[139.282,34.512],[139.275,34.511]]],[[[139.293,34.47],[139.29,34.473],[139.287,34.477],[139.289,34.477],[139.297,34.473],[139.299,34.47],[139.293,34.47]]],[[[139.273,34.33],[139.243,34.362],[139.279,34.431],[139.273,34.33]]],[[[139.227,34.367],[139.227,34.37],[139.223,34.375],[139.227,34.374],[139.229,34.373],[139.229,34.368],[139.227,34.367]]],[[[139.211,34.337],[139.21,34.337],[139.21,34.338],[139.212,34.338],[139.211,34.337]]],[[[139.213,34.316],[139.195,34.321],[139.21,34.336],[139.213,34.316]]],[[[139.278,34.324],[139.275,34.325],[139.277,34.327],[139.28,34.325],[139.278,34.324]]],[[[139.129,34.185],[139.137,34.241],[139.169,34.232],[139.175,34.205],[139.129,34.185]]],[[[139.192,34.207],[139.189,34.208],[139.191,34.209],[139.193,34.208],[139.192,34.207]]],[[[139.073,34.183],[139.074,34.185],[139.076,34.184],[139.076,34.184],[139.073,34.183]]],[[[139.502,34.045],[139.473,34.077],[139.491,34.117],[139.559,34.111],[139.562,34.068],[139.502,34.045]]],[[[139.621,33.852],[139.578,33.862],[139.59,33.897],[139.622,33.888],[139.621,33.852]]],[[[139.832,33.046],[139.755,33.104],[139.747,33.156],[139.846,33.116],[139.858,33.078],[139.832,33.046]]],[[[139.699,33.116],[139.698,33.117],[139.69,33.116],[139.686,33.117],[139.677,33.129],[139.676,33.132],[139.676,33.136],[139.678,33.134],[139.683,33.136],[139.685,33.136],[139.688,33.133],[139.696,33.128],[139.7,33.118],[139.699,33.116]]],[[[139.769,32.442],[139.758,32.472],[139.78,32.458],[139.769,32.442]]],[[[140.052,31.438],[140.051,31.438],[140.05,31.438],[140.05,31.44],[140.05,31.44],[140.05,31.44],[140.051,31.44],[140.051,31.44],[140.051,31.438],[140.052,31.438],[140.052,31.438]]],[[[140.299,30.472],[140.287,30.482],[140.286,30.483],[140.292,30.492],[140.298,30.494],[140.303,30.495],[140.305,30.495],[140.312,30.49],[140.314,30.486],[140.31,30.475],[140.299,30.472]]],[[[140.342,29.793],[140.342,29.793],[140.341,29.793],[140.341,29.793],[140.342,29.794],[140.343,29.794],[140.343,29.794],[140.343,29.793],[140.342,29.793]]],[[[142.103,27.715],[142.098,27.717],[142.098,27.718],[142.097,27.719],[142.101,27.717],[142.103,27.715]]],[[[142.109,27.715],[142.108,27.716],[142.107,27.717],[142.109,27.717],[142.11,27.716],[142.109,27.715]]],[[[142.146,27.67],[142.145,27.67],[142.141,27.671],[142.14,27.672],[142.139,27.673],[142.139,27.677],[142.135,27.68],[142.133,27.679],[142.132,27.678],[142.129,27.681],[142.127,27.683],[142.125,27.682],[142.125,27.685],[142.13,27.688],[142.132,27.688],[142.133,27.685],[142.135,27.686],[142.138,27.685],[142.14,27.688],[142.143,27.687],[142.147,27.684],[142.148,27.674],[142.146,27.67]]],[[[142.126,27.677],[142.124,27.678],[142.126,27.68],[142.127,27.678],[142.126,27.677]]],[[[142.159,27.654],[142.158,27.655],[142.157,27.659],[142.157,27.663],[142.159,27.662],[142.159,27.654]]],[[[142.186,27.619],[142.182,27.622],[142.178,27.625],[142.177,27.623],[142.176,27.621],[142.175,27.622],[142.173,27.626],[142.172,27.626],[142.17,27.633],[142.172,27.633],[142.174,27.634],[142.177,27.633],[142.179,27.631],[142.183,27.629],[142.187,27.622],[142.186,27.619]]],[[[142.213,27.489],[142.212,27.493],[142.209,27.494],[142.206,27.495],[142.205,27.498],[142.205,27.499],[142.207,27.499],[142.208,27.499],[142.211,27.501],[142.213,27.498],[142.214,27.494],[142.216,27.49],[142.215,27.489],[142.213,27.489]]],[[[142.207,27.486],[142.206,27.487],[142.207,27.489],[142.209,27.487],[142.207,27.486]]],[[[140.877,27.244],[140.873,27.245],[140.875,27.249],[140.879,27.246],[140.877,27.244]]],[[[142.195,27.192],[142.194,27.195],[142.198,27.195],[142.197,27.193],[142.195,27.192]]],[[[142.189,27.144],[142.184,27.145],[142.18,27.146],[142.181,27.149],[142.184,27.149],[142.185,27.15],[142.186,27.154],[142.182,27.156],[142.183,27.157],[142.184,27.161],[142.185,27.17],[142.184,27.171],[142.188,27.171],[142.186,27.178],[142.185,27.179],[142.187,27.183],[142.185,27.186],[142.188,27.188],[142.189,27.187],[142.195,27.184],[142.195,27.182],[142.196,27.182],[142.199,27.182],[142.2,27.182],[142.197,27.179],[142.196,27.179],[142.195,27.174],[142.198,27.17],[142.198,27.168],[142.201,27.168],[142.202,27.165],[142.2,27.162],[142.198,27.158],[142.192,27.15],[142.188,27.149],[142.189,27.144]]],[[[142.22,27.108],[142.188,27.12],[142.19,27.143],[142.22,27.108]]],[[[142.182,27.126],[142.178,27.127],[142.178,27.128],[142.18,27.128],[142.182,27.126]]],[[[142.164,27.112],[142.162,27.113],[142.165,27.115],[142.163,27.12],[142.166,27.12],[142.168,27.12],[142.17,27.119],[142.172,27.116],[142.166,27.113],[142.164,27.112]]],[[[142.221,27.035],[142.185,27.042],[142.183,27.074],[142.207,27.085],[142.186,27.104],[142.232,27.077],[142.221,27.035]]],[[[142.247,27.089],[142.241,27.094],[142.245,27.094],[142.247,27.094],[142.247,27.093],[142.247,27.093],[142.248,27.091],[142.247,27.089]]],[[[142.184,27.085],[142.183,27.087],[142.184,27.087],[142.184,27.085]]],[[[142.177,27.043],[142.177,27.043],[142.177,27.044],[142.177,27.044],[142.177,27.044],[142.178,27.044],[142.178,27.045],[142.179,27.045],[142.179,27.045],[142.179,27.044],[142.178,27.044],[142.178,27.044],[142.177,27.043],[142.177,27.043]]],[[[142.176,27.031],[142.173,27.04],[142.173,27.043],[142.173,27.044],[142.178,27.034],[142.176,27.036],[142.176,27.031]]],[[[142.122,26.715],[142.122,26.716],[142.122,26.716],[142.122,26.715]]],[[[142.179,26.607],[142.124,26.713],[142.164,26.702],[142.146,26.685],[142.188,26.659],[142.179,26.607]]],[[[142.129,26.594],[142.128,26.597],[142.125,26.595],[142.126,26.599],[142.124,26.603],[142.123,26.603],[142.125,26.606],[142.126,26.608],[142.128,26.609],[142.13,26.608],[142.132,26.609],[142.135,26.599],[142.131,26.595],[142.129,26.594]]],[[[142.148,26.581],[142.149,26.585],[142.15,26.585],[142.154,26.587],[142.155,26.587],[142.156,26.587],[142.159,26.587],[142.16,26.587],[142.16,26.587],[142.162,26.587],[142.161,26.585],[142.159,26.583],[142.157,26.583],[142.152,26.582],[142.148,26.581]]],[[[142.228,26.563],[142.227,26.565],[142.227,26.567],[142.227,26.569],[142.23,26.574],[142.233,26.572],[142.233,26.572],[142.238,26.569],[142.239,26.567],[142.233,26.565],[142.228,26.563]]],[[[142.156,26.542],[142.152,26.546],[142.151,26.547],[142.152,26.547],[142.154,26.548],[142.154,26.553],[142.154,26.555],[142.153,26.558],[142.152,26.561],[142.155,26.564],[142.156,26.562],[142.16,26.56],[142.159,26.553],[142.161,26.548],[142.158,26.545],[142.156,26.542]]],[[[142.202,26.552],[142.203,26.557],[142.203,26.561],[142.204,26.561],[142.209,26.563],[142.211,26.563],[142.217,26.562],[142.218,26.562],[142.217,26.559],[142.214,26.555],[142.21,26.555],[142.206,26.553],[142.204,26.553],[142.202,26.552]]],[[[141.278,25.418],[141.275,25.42],[141.273,25.425],[141.273,25.44],[141.282,25.448],[141.287,25.447],[141.291,25.439],[141.293,25.426],[141.287,25.42],[141.278,25.418]]],[[[141.286,24.745],[141.287,24.79],[141.329,24.812],[141.344,24.775],[141.286,24.745]]],[[[141.46,24.225],[141.457,24.225],[141.454,24.226],[141.453,24.229],[141.454,24.233],[141.454,24.236],[141.454,24.239],[141.455,24.242],[141.459,24.245],[141.462,24.245],[141.471,24.242],[141.473,24.241],[141.473,24.238],[141.472,24.233],[141.469,24.228],[141.465,24.226],[141.46,24.225]]],[[[139.383,34.049],[139.384,34.049],[139.385,34.049],[139.384,34.048],[139.383,34.048],[139.383,34.049],[139.383,34.049]]],[[[138.838,33.963],[138.838,33.963],[138.838,33.963],[138.838,33.963],[138.838,33.963],[138.838,33.963],[138.838,33.963],[138.838,33.963],[138.838,33.963]]],[[[138.836,33.963],[138.836,33.963],[138.836,33.963],[138.836,33.963],[138.836,33.963],[138.836,33.963],[138.836,33.963],[138.836,33.963]]],[[[139.299,33.652],[139.299,33.652],[139.299,33.652],[139.3,33.651],[139.299,33.651],[139.299,33.651],[139.299,33.651],[139.298,33.652],[139.298,33.652],[139.299,33.652]]],[[[142.157,27.693],[142.157,27.693],[142.158,27.692],[142.158,27.691],[142.157,27.693],[142.157,27.693]]],[[[142.115,27.742],[142.115,27.742],[142.116,27.742],[142.116,27.741],[142.116,27.741],[142.116,27.741],[142.115,27.741],[142.115,27.741],[142.115,27.741],[142.115,27.742],[142.115,27.742]]],[[[142.117,27.737],[142.117,27.737],[142.117,27.737],[142.117,27.737],[142.117,27.737],[142.117,27.737],[142.117,27.737],[142.117,27.737],[142.117,27.737],[142.117,27.737],[142.117,27.737],[142.117,27.737],[142.117,27.737],[142.117,27.737],[142.117,27.737]]],[[[142.218,27.496],[142.219,27.495],[142.219,27.493],[142.218,27.493],[142.218,27.494],[142.218,27.496]]],[[[141.285,24.807],[141.287,24.807],[141.286,24.797],[141.284,24.798],[141.285,24.807]]],[[[138.815,33.947],[138.816,33.947],[138.816,33.946],[138.816,33.946],[138.815,33.947],[138.815,33.947]]],[[[138.817,33.947],[138.817,33.947],[138.817,33.946],[138.817,33.946],[138.817,33.946],[138.817,33.946],[138.816,33.947],[138.817,33.947]]],[[[138.817,33.944],[138.817,33.944],[138.818,33.944],[138.818,33.943],[138.817,33.943],[138.817,33.944],[138.817,33.944]]],[[[138.817,33.943],[138.818,33.943],[138.818,33.943],[138.818,33.943],[138.817,33.943],[138.817,33.943]]],[[[139.918,31.887],[139.918,31.887],[139.918,31.887],[139.918,31.886],[139.918,31.886],[139.918,31.886],[139.917,31.887],[139.917,31.887],[139.918,31.887]]],[[[142.112,27.745],[142.112,27.745],[142.112,27.745],[142.112,27.745]]]]}},{"type":"Feature","properties":{"id":11,"name":"埼玉県","nam":"Saitama Ken"},"geometry":{"type":"Polygon","coordinates":[[[139.129,36.283],[139.324,36.23],[139.359,36.253],[139.457,36.191],[139.686,36.204],[139.73,36.088],[139.776,36.091],[139.817,36.033],[139.826,35.973],[139.887,35.897],[139.894,35.783],[139.768,35.818],[139.738,35.781],[139.657,35.801],[139.622,35.767],[139.589,35.779],[139.548,35.754],[139.548,35.774],[139.516,35.765],[139.544,35.782],[139.542,35.807],[139.392,35.763],[139.37,35.791],[139.326,35.795],[139.301,35.834],[139.196,35.84],[139.024,35.897],[138.893,35.84],[138.735,35.904],[138.713,35.985],[138.755,36.035],[138.829,36.037],[138.866,36.078],[138.946,36.096],[138.958,36.124],[139.043,36.13],[139.129,36.283]]]}},{"type":"Feature","properties":{"id":35,"name":"山口県","nam":"Yamaguchi Ken"},"geometry":{"type":"MultiPolygon","coordinates":[[[[131.137,34.758],[131.13,34.798],[131.163,34.778],[131.137,34.758]]],[[[131.69,34.681],[131.694,34.621],[131.726,34.578],[131.667,34.504],[131.699,34.474],[131.698,34.435],[131.793,34.436],[131.764,34.382],[131.776,34.333],[131.83,34.303],[131.919,34.338],[131.958,34.306],[132.013,34.372],[131.997,34.428],[132.025,34.462],[132.066,34.468],[132.069,34.356],[132.127,34.333],[132.145,34.236],[132.204,34.229],[132.196,34.204],[132.245,34.211],[132.23,34.186],[132.246,34.148],[132.2,34.12],[132.213,34.003],[132.184,33.961],[132.117,33.951],[132.157,33.845],[132.117,33.832],[132.119,33.875],[132.044,33.909],[132.058,33.924],[132.024,33.902],[131.982,33.929],[131.97,33.917],[131.963,33.944],[131.863,33.988],[131.863,34.007],[131.794,33.987],[131.81,33.968],[131.761,33.975],[131.827,34.029],[131.782,34.03],[131.797,34.06],[131.742,34.049],[131.753,34.071],[131.635,34.047],[131.61,34.021],[131.595,34.043],[131.539,33.997],[131.474,34.038],[131.479,34.012],[131.437,33.983],[131.418,34.015],[131.395,33.984],[131.416,34.023],[131.384,34.049],[131.354,33.965],[131.266,33.923],[131.232,33.927],[131.238,33.951],[131.178,33.931],[131.157,33.953],[131.169,33.996],[131.135,33.991],[131.037,34.057],[130.904,33.914],[130.873,33.949],[130.917,33.947],[130.911,34.059],[130.86,34.11],[130.865,34.136],[130.925,34.17],[130.929,34.211],[130.866,34.287],[130.897,34.317],[130.9,34.362],[130.926,34.342],[131.034,34.37],[131.013,34.405],[130.931,34.393],[130.971,34.442],[131.019,34.411],[131.131,34.418],[131.154,34.373],[131.197,34.397],[131.215,34.371],[131.224,34.393],[131.305,34.383],[131.337,34.418],[131.415,34.426],[131.396,34.46],[131.415,34.449],[131.461,34.486],[131.456,34.526],[131.537,34.563],[131.556,34.615],[131.603,34.624],[131.603,34.662],[131.649,34.641],[131.69,34.681]]],[[[131.479,34.573],[131.477,34.574],[131.476,34.575],[131.479,34.575],[131.479,34.573]]],[[[131.514,34.564],[131.513,34.566],[131.513,34.567],[131.516,34.565],[131.514,34.564]]],[[[131.385,34.513],[131.383,34.519],[131.383,34.52],[131.386,34.523],[131.391,34.523],[131.391,34.515],[131.385,34.513]]],[[[131.277,34.497],[131.277,34.518],[131.292,34.511],[131.277,34.497]]],[[[131.407,34.49],[131.401,34.495],[131.402,34.503],[131.402,34.505],[131.408,34.513],[131.41,34.513],[131.411,34.513],[131.415,34.512],[131.415,34.508],[131.417,34.503],[131.418,34.496],[131.416,34.491],[131.413,34.493],[131.408,34.49],[131.407,34.49]]],[[[131.345,34.499],[131.339,34.499],[131.338,34.503],[131.339,34.503],[131.339,34.503],[131.341,34.503],[131.343,34.503],[131.344,34.503],[131.345,34.499]]],[[[131.376,34.482],[131.375,34.484],[131.376,34.485],[131.377,34.485],[131.38,34.488],[131.38,34.484],[131.376,34.482]]],[[[131.377,34.462],[131.373,34.465],[131.375,34.467],[131.38,34.464],[131.377,34.462]]],[[[131.197,34.398],[131.171,34.431],[131.261,34.428],[131.197,34.398]]],[[[131.319,34.426],[131.316,34.427],[131.317,34.433],[131.319,34.433],[131.321,34.429],[131.319,34.426]]],[[[131.268,34.41],[131.266,34.411],[131.265,34.415],[131.266,34.418],[131.269,34.415],[131.271,34.415],[131.273,34.412],[131.268,34.41]]],[[[130.846,34.341],[130.839,34.355],[130.879,34.365],[130.846,34.341]]],[[[130.965,34.358],[130.964,34.359],[130.965,34.361],[130.97,34.364],[130.972,34.364],[130.973,34.364],[130.971,34.361],[130.965,34.358]]],[[[130.897,34.176],[130.897,34.179],[130.9,34.18],[130.901,34.179],[130.897,34.176]]],[[[130.897,34.171],[130.9,34.177],[130.905,34.172],[130.904,34.171],[130.897,34.171]]],[[[132.313,34.122],[132.315,34.121],[132.317,34.12],[132.318,34.119],[132.319,34.119],[132.317,34.12],[132.312,34.119],[132.313,34.122]]],[[[130.796,34.092],[130.793,34.096],[130.789,34.101],[130.783,34.098],[130.781,34.101],[130.777,34.102],[130.774,34.109],[130.776,34.115],[130.777,34.115],[130.781,34.113],[130.782,34.107],[130.786,34.107],[130.788,34.109],[130.79,34.106],[130.792,34.106],[130.796,34.103],[130.798,34.1],[130.797,34.098],[130.799,34.093],[130.796,34.092]]],[[[132.398,34.054],[132.391,34.056],[132.395,34.06],[132.399,34.058],[132.398,34.054]]],[[[131.731,34.021],[131.727,34.025],[131.727,34.034],[131.734,34.038],[131.736,34.037],[131.738,34.037],[131.742,34.037],[131.744,34.037],[131.745,34.037],[131.747,34.037],[131.751,34.033],[131.757,34.041],[131.762,34.047],[131.768,34.047],[131.771,34.05],[131.779,34.049],[131.764,34.038],[131.759,34.035],[131.756,34.031],[131.754,34.029],[131.752,34.031],[131.751,34.03],[131.747,34.025],[131.739,34.021],[131.731,34.021]]],[[[132.384,34.027],[132.383,34.034],[132.376,34.036],[132.378,34.037],[132.382,34.042],[132.387,34.039],[132.391,34.043],[132.392,34.042],[132.387,34.037],[132.385,34.035],[132.388,34.033],[132.384,34.027]]],[[[132.423,34.032],[132.417,34.034],[132.418,34.037],[132.42,34.037],[132.427,34.034],[132.423,34.032]]],[[[131.718,33.979],[131.691,34.008],[131.708,34.035],[131.718,33.979]]],[[[132.421,34.011],[132.406,34.014],[132.402,34.019],[132.402,34.027],[132.414,34.03],[132.423,34.019],[132.425,34.019],[132.426,34.017],[132.43,34.015],[132.427,34.015],[132.426,34.011],[132.425,34.012],[132.421,34.011]]],[[[131.567,33.987],[131.567,34.012],[131.6,34.015],[131.567,33.987]]],[[[131.795,34.02],[131.793,34.021],[131.796,34.023],[131.798,34.024],[131.795,34.02]]],[[[132.268,33.994],[132.267,33.995],[132.264,33.995],[132.265,34.0],[132.258,34.003],[132.258,34.007],[132.26,34.007],[132.263,34.01],[132.264,34.01],[132.27,34.003],[132.268,34.0],[132.27,34.001],[132.271,33.997],[132.268,33.994]]],[[[132.431,34.002],[132.43,34.003],[132.429,34.004],[132.431,34.01],[132.43,34.008],[132.43,34.003],[132.431,34.003],[132.434,34.003],[132.434,34.003],[132.435,34.003],[132.431,34.002]]],[[[131.019,33.998],[131.019,33.998],[131.019,33.999],[131.022,34.003],[131.023,34.005],[131.023,34.005],[131.022,34.003],[131.019,33.999],[131.019,33.998]]],[[[132.331,33.991],[132.329,33.994],[132.329,34.003],[132.33,34.003],[132.33,34.004],[132.331,34.004],[132.331,34.003],[132.334,33.998],[132.336,33.999],[132.334,33.993],[132.331,33.991]]],[[[131.026,33.995],[131.025,33.996],[131.027,33.996],[131.027,33.996],[131.026,33.995]]],[[[132.35,33.986],[132.349,33.988],[132.352,33.99],[132.353,33.989],[132.35,33.986]]],[[[131.82,33.931],[131.807,33.952],[131.845,33.951],[131.868,33.982],[131.861,33.951],[131.82,33.931]]],[[[131.736,33.979],[131.732,33.98],[131.735,33.982],[131.737,33.98],[131.736,33.979]]],[[[130.86,33.97],[130.86,33.979],[130.864,33.981],[130.865,33.981],[130.868,33.976],[130.866,33.976],[130.866,33.971],[130.86,33.97]]],[[[132.351,33.962],[132.348,33.963],[132.348,33.964],[132.348,33.969],[132.345,33.97],[132.343,33.971],[132.348,33.974],[132.35,33.972],[132.354,33.968],[132.354,33.965],[132.351,33.962]]],[[[132.207,33.857],[132.173,33.922],[132.214,33.965],[132.284,33.956],[132.329,33.902],[132.415,33.952],[132.47,33.95],[132.372,33.911],[132.372,33.862],[132.327,33.858],[132.336,33.883],[132.285,33.902],[132.278,33.871],[132.207,33.857]]],[[[132.474,33.954],[132.47,33.958],[132.465,33.96],[132.458,33.963],[132.46,33.965],[132.464,33.963],[132.467,33.963],[132.47,33.966],[132.473,33.963],[132.476,33.963],[132.48,33.959],[132.477,33.956],[132.478,33.955],[132.474,33.954]]],[[[132.352,33.939],[132.348,33.946],[132.342,33.947],[132.337,33.947],[132.336,33.949],[132.338,33.952],[132.337,33.955],[132.341,33.957],[132.35,33.96],[132.352,33.957],[132.354,33.954],[132.354,33.946],[132.355,33.942],[132.352,33.939]]],[[[132.488,33.953],[132.486,33.956],[132.488,33.958],[132.49,33.959],[132.491,33.957],[132.488,33.953]]],[[[131.695,33.935],[131.693,33.937],[131.689,33.942],[131.691,33.945],[131.693,33.943],[131.694,33.946],[131.696,33.95],[131.697,33.948],[131.7,33.94],[131.695,33.935]]],[[[132.158,33.938],[132.154,33.94],[132.156,33.945],[132.166,33.948],[132.167,33.946],[132.164,33.941],[132.158,33.938]]],[[[131.931,33.936],[131.928,33.937],[131.926,33.942],[131.927,33.942],[131.931,33.936]]],[[[130.93,33.931],[130.929,33.932],[130.929,33.936],[130.93,33.933],[130.93,33.931]]],[[[132.465,33.915],[132.462,33.919],[132.455,33.92],[132.453,33.927],[132.461,33.924],[132.462,33.92],[132.464,33.918],[132.466,33.918],[132.465,33.915]]],[[[132.392,33.901],[132.391,33.901],[132.392,33.905],[132.394,33.904],[132.392,33.901]]],[[[132.049,33.887],[132.05,33.89],[132.048,33.891],[132.047,33.892],[132.042,33.895],[132.043,33.9],[132.045,33.899],[132.047,33.9],[132.051,33.896],[132.051,33.894],[132.053,33.89],[132.049,33.887]]],[[[132.061,33.867],[132.06,33.873],[132.056,33.876],[132.061,33.884],[132.065,33.884],[132.065,33.881],[132.066,33.875],[132.067,33.875],[132.069,33.869],[132.061,33.867]]],[[[132.022,33.852],[131.997,33.86],[132.016,33.871],[132.022,33.852]]],[[[132.31,33.863],[132.308,33.864],[132.313,33.868],[132.313,33.867],[132.313,33.863],[132.31,33.863]]],[[[132.368,33.847],[132.364,33.848],[132.36,33.851],[132.353,33.854],[132.358,33.858],[132.359,33.858],[132.364,33.854],[132.364,33.852],[132.368,33.853],[132.372,33.852],[132.372,33.848],[132.368,33.847]]],[[[132.049,33.785],[132.027,33.793],[132.077,33.827],[132.07,33.858],[132.117,33.831],[132.049,33.785]]],[[[132.183,33.844],[132.18,33.845],[132.179,33.846],[132.178,33.849],[132.184,33.848],[132.183,33.844]]],[[[132.118,33.811],[132.117,33.812],[132.119,33.818],[132.117,33.819],[132.118,33.824],[132.122,33.816],[132.118,33.811]]],[[[132.256,33.766],[132.173,33.805],[132.221,33.815],[132.273,33.782],[132.256,33.766]]],[[[132.252,33.806],[132.249,33.814],[132.254,33.817],[132.258,33.817],[132.255,33.809],[132.252,33.806]]],[[[132.394,33.802],[132.391,33.806],[132.394,33.81],[132.401,33.814],[132.399,33.812],[132.399,33.804],[132.394,33.802]]],[[[131.964,33.769],[131.947,33.78],[131.966,33.798],[131.993,33.78],[131.964,33.769]]],[[[131.938,33.788],[131.931,33.789],[131.93,33.793],[131.932,33.795],[131.938,33.792],[131.938,33.788]]],[[[132.393,33.778],[132.389,33.779],[132.387,33.783],[132.389,33.782],[132.393,33.778]]],[[[132.051,33.772],[132.047,33.775],[132.049,33.775],[132.051,33.778],[132.052,33.779],[132.054,33.777],[132.051,33.772]]],[[[132.134,33.713],[132.127,33.718],[132.128,33.721],[132.133,33.727],[132.141,33.729],[132.143,33.729],[132.145,33.737],[132.141,33.739],[132.139,33.745],[132.141,33.749],[132.143,33.753],[132.143,33.754],[132.149,33.762],[132.15,33.764],[132.149,33.759],[132.146,33.753],[132.147,33.753],[132.151,33.75],[132.148,33.744],[132.146,33.737],[132.152,33.729],[132.149,33.721],[132.143,33.719],[132.138,33.716],[132.134,33.713]]],[[[132.023,33.735],[132.025,33.737],[132.031,33.74],[132.029,33.736],[132.023,33.735]]]]}},{"type":"Feature","properties":{"id":7,"name":"福島県","nam":"Fukushima Ken"},"geometry":{"type":"Polygon","coordinates":[[[140.28,37.977],[140.351,37.95],[140.408,37.973],[140.475,37.947],[140.488,37.9],[140.567,37.923],[140.69,37.888],[140.686,37.815],[140.728,37.782],[140.799,37.777],[140.775,37.806],[140.853,37.796],[140.857,37.891],[140.899,37.904],[140.931,37.896],[140.96,37.832],[140.987,37.824],[141.028,37.667],[141.043,37.481],[141.037,37.317],[141.013,37.253],[141.028,37.238],[141.006,37.213],[140.967,36.971],[140.921,36.934],[140.818,36.909],[140.786,36.856],[140.616,36.904],[140.576,36.943],[140.565,36.913],[140.592,36.873],[140.539,36.859],[140.464,36.792],[140.377,36.838],[140.363,36.885],[140.243,36.944],[140.249,37.026],[140.205,37.024],[140.194,37.064],[140.138,37.106],[139.903,37.154],[139.831,37.132],[139.822,37.085],[139.673,37.058],[139.536,36.981],[139.46,36.97],[139.393,36.911],[139.231,36.937],[139.255,36.99],[139.236,37.116],[139.253,37.165],[139.165,37.238],[139.234,37.344],[139.232,37.388],[139.197,37.411],[139.216,37.443],[139.398,37.46],[139.428,37.514],[139.585,37.513],[139.549,37.649],[139.627,37.689],[139.658,37.755],[139.742,37.818],[139.711,37.855],[139.681,37.847],[139.708,37.856],[139.742,37.821],[139.784,37.832],[139.81,37.803],[139.937,37.828],[139.993,37.759],[140.049,37.779],[140.118,37.735],[140.167,37.757],[140.237,37.747],[140.299,37.809],[140.263,37.836],[140.28,37.977]]]}},{"type":"Feature","properties":{"id":17,"name":"石川県","nam":"Ishikawa Ken"},"geometry":{"type":"MultiPolygon","coordinates":[[[[136.914,37.845],[136.912,37.848],[136.915,37.852],[136.917,37.854],[136.922,37.855],[136.923,37.855],[136.924,37.852],[136.92,37.85],[136.919,37.85],[136.919,37.848],[136.916,37.847],[136.914,37.845]]],[[[136.902,37.609],[136.901,37.609],[136.897,37.61],[136.895,37.61],[136.898,37.612],[136.899,37.613],[136.901,37.612],[136.902,37.609]]],[[[136.877,37.587],[136.875,37.59],[136.875,37.59],[136.876,37.59],[136.877,37.587]]],[[[136.855,37.587],[136.854,37.589],[136.855,37.589],[136.855,37.588],[136.855,37.587]]],[[[137.086,37.466],[137.277,37.533],[137.345,37.516],[137.361,37.452],[137.257,37.432],[137.239,37.374],[137.268,37.337],[137.234,37.298],[137.151,37.307],[137.01,37.183],[136.946,37.216],[136.964,37.235],[136.925,37.233],[136.906,37.218],[136.926,37.199],[136.907,37.203],[136.873,37.145],[136.9,37.138],[136.893,37.111],[136.859,37.106],[136.859,37.073],[136.936,37.087],[136.971,37.048],[137.057,37.108],[137.057,36.968],[136.986,36.967],[136.895,36.925],[136.847,36.758],[136.789,36.718],[136.824,36.67],[136.784,36.615],[136.817,36.552],[136.796,36.444],[136.769,36.423],[136.807,36.358],[136.784,36.342],[136.792,36.299],[136.852,36.248],[136.798,36.173],[136.766,36.161],[136.779,36.134],[136.754,36.087],[136.674,36.068],[136.552,36.155],[136.44,36.137],[136.409,36.172],[136.344,36.173],[136.332,36.229],[136.244,36.296],[136.416,36.42],[136.574,36.587],[136.752,36.849],[136.767,37.002],[136.723,37.056],[136.727,37.134],[136.67,37.149],[136.68,37.206],[136.735,37.286],[136.725,37.328],[136.842,37.4],[136.924,37.395],[137.086,37.466]]],[[[136.946,37.091],[136.901,37.152],[136.924,37.131],[136.976,37.14],[136.967,37.155],[137.007,37.136],[137.035,37.168],[137.054,37.15],[137.04,37.117],[136.946,37.091]]],[[[136.892,37.102],[136.891,37.103],[136.89,37.109],[136.892,37.109],[136.892,37.104],[136.892,37.102]]]]}},{"type":"Feature","properties":{"id":18,"name":"福井県","nam":"Fukui Ken"},"geometry":{"type":"MultiPolygon","coordinates":[[[[136.244,36.296],[136.332,36.229],[136.359,36.166],[136.409,36.172],[136.456,36.136],[136.489,36.159],[136.552,36.155],[136.664,36.068],[136.754,36.086],[136.726,35.996],[136.751,35.99],[136.753,35.956],[136.792,35.947],[136.828,35.849],[136.803,35.844],[136.789,35.799],[136.523,35.788],[136.506,35.75],[136.485,35.776],[136.378,35.795],[136.328,35.775],[136.324,35.717],[136.281,35.659],[136.185,35.704],[136.15,35.698],[136.134,35.67],[136.177,35.596],[136.169,35.565],[136.113,35.583],[136.105,35.529],[136.026,35.53],[136.006,35.492],[135.94,35.52],[135.89,35.404],[135.815,35.413],[135.768,35.356],[135.701,35.344],[135.529,35.38],[135.525,35.421],[135.459,35.468],[135.465,35.551],[135.486,35.558],[135.48,35.522],[135.518,35.55],[135.508,35.503],[135.534,35.489],[135.661,35.548],[135.669,35.525],[135.628,35.522],[135.626,35.489],[135.581,35.49],[135.718,35.484],[135.764,35.536],[135.718,35.52],[135.689,35.55],[135.713,35.569],[135.798,35.525],[135.834,35.536],[135.801,35.571],[135.839,35.563],[135.856,35.592],[135.814,35.642],[135.866,35.609],[135.98,35.63],[135.954,35.721],[136.017,35.764],[136.043,35.706],[136.025,35.681],[136.074,35.662],[136.1,35.777],[135.994,35.888],[135.997,35.936],[135.958,35.982],[136.112,36.205],[136.129,36.192],[136.123,36.249],[136.244,36.296]]],[[[136.117,36.25],[136.118,36.253],[136.12,36.254],[136.121,36.253],[136.121,36.251],[136.117,36.25]]],[[[135.803,35.63],[135.803,35.639],[135.806,35.639],[135.806,35.636],[135.806,35.632],[135.803,35.63]]]]}},{"type":"Feature","properties":{"id":38,"name":"愛媛県","nam":"Ehime Ken"},"geometry":{"type":"MultiPolygon","coordinates":[[[[132.959,34.191],[132.942,34.209],[132.988,34.223],[132.994,34.252],[132.964,34.263],[133.024,34.295],[133.058,34.22],[132.959,34.191]]],[[[133.206,34.239],[133.199,34.268],[133.228,34.292],[133.206,34.239]]],[[[133.173,34.287],[133.172,34.287],[133.17,34.29],[133.17,34.291],[133.173,34.287]]],[[[133.164,34.285],[133.161,34.287],[133.161,34.288],[133.162,34.29],[133.164,34.287],[133.164,34.285]]],[[[133.178,34.256],[133.172,34.258],[133.17,34.265],[133.173,34.27],[133.17,34.271],[133.168,34.271],[133.167,34.273],[133.168,34.275],[133.165,34.281],[133.168,34.283],[133.168,34.284],[133.17,34.285],[133.173,34.285],[133.176,34.278],[133.18,34.277],[133.185,34.269],[133.187,34.269],[133.186,34.267],[133.186,34.259],[133.182,34.258],[133.178,34.256]]],[[[133.133,34.241],[133.151,34.281],[133.165,34.256],[133.133,34.241]]],[[[133.181,34.227],[133.176,34.231],[133.18,34.231],[133.181,34.231],[133.181,34.234],[133.18,34.238],[133.183,34.242],[133.184,34.25],[133.188,34.253],[133.19,34.257],[133.191,34.257],[133.197,34.254],[133.196,34.253],[133.196,34.247],[133.192,34.245],[133.189,34.239],[133.191,34.235],[133.187,34.229],[133.181,34.227]]],[[[132.949,34.242],[132.943,34.242],[132.945,34.244],[132.949,34.246],[132.949,34.25],[132.952,34.248],[132.954,34.248],[132.957,34.243],[132.952,34.243],[132.949,34.242]]],[[[133.152,34.233],[133.15,34.241],[133.157,34.245],[133.163,34.246],[133.166,34.245],[133.172,34.242],[133.167,34.235],[133.163,34.233],[133.159,34.234],[133.152,34.233]]],[[[133.11,34.191],[133.057,34.208],[133.063,34.234],[133.139,34.221],[133.11,34.191]]],[[[133.251,34.229],[133.25,34.231],[133.252,34.231],[133.257,34.231],[133.259,34.235],[133.259,34.234],[133.262,34.234],[133.263,34.232],[133.261,34.23],[133.251,34.229]]],[[[133.149,34.216],[133.148,34.222],[133.151,34.224],[133.153,34.228],[133.156,34.23],[133.156,34.229],[133.156,34.225],[133.154,34.224],[133.152,34.22],[133.149,34.216]]],[[[132.933,34.199],[132.931,34.2],[132.934,34.202],[132.936,34.206],[132.938,34.202],[132.933,34.199]]],[[[132.933,34.183],[132.927,34.184],[132.922,34.184],[132.917,34.188],[132.922,34.188],[132.92,34.192],[132.919,34.198],[132.923,34.202],[132.932,34.187],[132.933,34.183]]],[[[133.269,34.183],[133.266,34.184],[133.265,34.197],[133.267,34.197],[133.271,34.199],[133.273,34.199],[133.274,34.19],[133.276,34.185],[133.269,34.183]]],[[[132.881,34.175],[132.862,34.194],[132.891,34.192],[132.881,34.175]]],[[[133.077,34.194],[133.074,34.194],[133.072,34.196],[133.073,34.196],[133.074,34.196],[133.077,34.194]]],[[[133.034,34.108],[133.012,34.11],[133.023,34.154],[133.04,34.15],[133.029,34.192],[133.111,34.179],[133.034,34.108]]],[[[133.084,34.182],[133.082,34.185],[133.087,34.194],[133.089,34.192],[133.092,34.192],[133.094,34.191],[133.093,34.19],[133.088,34.184],[133.086,34.182],[133.084,34.182]]],[[[132.898,34.185],[132.895,34.189],[132.898,34.19],[132.899,34.191],[132.904,34.194],[132.907,34.192],[132.906,34.189],[132.898,34.185]]],[[[132.936,34.188],[132.937,34.19],[132.941,34.191],[132.943,34.191],[132.941,34.189],[132.938,34.188],[132.936,34.188]]],[[[133.316,34.17],[133.315,34.173],[133.308,34.179],[133.308,34.183],[133.31,34.182],[133.316,34.18],[133.32,34.179],[133.322,34.179],[133.324,34.181],[133.325,34.18],[133.328,34.176],[133.327,34.173],[133.319,34.172],[133.316,34.17]]],[[[133.363,34.163],[133.358,34.17],[133.359,34.173],[133.363,34.17],[133.365,34.168],[133.363,34.163]]],[[[133.008,34.148],[133.003,34.148],[132.997,34.149],[132.991,34.15],[132.989,34.154],[132.993,34.157],[132.997,34.159],[133.004,34.154],[133.007,34.154],[133.009,34.153],[133.008,34.148]]],[[[132.531,33.637],[132.661,33.708],[132.7,33.761],[132.687,33.833],[132.718,33.865],[132.7,33.885],[132.709,33.907],[132.753,33.909],[132.765,33.998],[132.865,34.06],[132.921,34.066],[132.926,34.108],[132.891,34.118],[132.941,34.142],[133.118,33.925],[133.125,33.941],[133.201,33.936],[133.254,33.956],[133.255,33.981],[133.262,33.963],[133.32,33.994],[133.513,33.97],[133.598,34.044],[133.684,34.007],[133.689,33.916],[133.66,33.882],[133.552,33.882],[133.497,33.829],[133.415,33.84],[133.326,33.815],[133.277,33.831],[133.236,33.783],[133.193,33.794],[133.116,33.66],[133.077,33.653],[133.079,33.609],[133.046,33.575],[133.063,33.543],[133.015,33.481],[132.806,33.46],[132.9,33.321],[132.793,33.275],[132.775,33.206],[132.741,33.201],[132.695,33.138],[132.619,33.181],[132.629,33.132],[132.663,33.109],[132.657,33.057],[132.691,32.974],[132.655,32.925],[132.598,32.913],[132.602,32.947],[132.548,32.945],[132.568,32.929],[132.514,32.95],[132.527,32.933],[132.497,32.917],[132.527,32.915],[132.491,32.898],[132.46,32.938],[132.502,32.956],[132.47,32.97],[132.497,32.987],[132.494,32.964],[132.553,32.96],[132.512,32.977],[132.481,33.049],[132.451,33.035],[132.409,33.056],[132.411,33.027],[132.378,33.023],[132.414,33.072],[132.483,33.056],[132.478,33.084],[132.461,33.076],[132.48,33.098],[132.446,33.124],[132.501,33.13],[132.441,33.138],[132.431,33.169],[132.464,33.171],[132.406,33.205],[132.458,33.211],[132.485,33.165],[132.492,33.184],[132.515,33.171],[132.489,33.196],[132.511,33.213],[132.559,33.222],[132.52,33.248],[132.542,33.271],[132.481,33.274],[132.468,33.255],[132.523,33.315],[132.371,33.318],[132.419,33.356],[132.419,33.383],[132.383,33.362],[132.378,33.385],[132.396,33.399],[132.38,33.416],[132.415,33.444],[132.382,33.442],[132.419,33.462],[132.387,33.46],[132.391,33.477],[132.374,33.46],[132.353,33.488],[132.316,33.451],[132.299,33.474],[132.152,33.374],[132.102,33.362],[132.12,33.387],[132.095,33.387],[132.012,33.344],[132.12,33.42],[132.164,33.411],[132.156,33.44],[132.175,33.427],[132.174,33.447],[132.223,33.445],[132.241,33.465],[132.259,33.45],[132.258,33.474],[132.417,33.544],[132.477,33.616],[132.531,33.637]]],[[[132.974,34.122],[132.975,34.126],[132.98,34.129],[132.982,34.129],[132.983,34.128],[132.981,34.124],[132.974,34.122]]],[[[133.158,34.118],[133.154,34.123],[133.158,34.125],[133.159,34.124],[133.158,34.118]]],[[[133.181,34.116],[133.18,34.118],[133.185,34.123],[133.188,34.123],[133.19,34.123],[133.186,34.12],[133.187,34.117],[133.181,34.116]]],[[[132.991,34.112],[132.989,34.119],[132.992,34.122],[132.994,34.122],[132.996,34.118],[132.995,34.113],[132.991,34.112]]],[[[133.188,34.104],[133.181,34.104],[133.182,34.108],[133.178,34.107],[133.179,34.11],[133.181,34.112],[133.183,34.112],[133.185,34.11],[133.186,34.108],[133.188,34.109],[133.191,34.108],[133.188,34.106],[133.188,34.104]]],[[[132.702,34.066],[132.703,34.07],[132.705,34.072],[132.709,34.074],[132.709,34.072],[132.711,34.07],[132.705,34.07],[132.702,34.066]]],[[[133.112,34.06],[133.11,34.06],[133.109,34.06],[133.107,34.062],[133.112,34.06]]],[[[133.104,34.057],[133.102,34.057],[133.098,34.057],[133.097,34.057],[133.095,34.061],[133.101,34.059],[133.103,34.06],[133.104,34.057]]],[[[132.588,34.025],[132.586,34.026],[132.594,34.031],[132.594,34.027],[132.588,34.025]]],[[[133.094,34.019],[133.09,34.022],[133.097,34.025],[133.099,34.023],[133.094,34.019]]],[[[132.6,33.943],[132.578,33.969],[132.651,34.014],[132.641,33.956],[132.6,33.943]]],[[[133.361,33.99],[133.358,33.994],[133.351,33.996],[133.35,33.999],[133.352,34.003],[133.354,34.006],[133.36,34.004],[133.364,34.006],[133.366,34.007],[133.369,34.006],[133.369,34.003],[133.369,33.999],[133.368,33.994],[133.366,33.994],[133.361,33.99]]],[[[132.541,33.961],[132.534,33.989],[132.565,33.994],[132.541,33.961]]],[[[132.493,33.965],[132.491,33.97],[132.492,33.971],[132.492,33.97],[132.495,33.97],[132.497,33.97],[132.5,33.974],[132.497,33.979],[132.495,33.981],[132.497,33.981],[132.499,33.982],[132.503,33.989],[132.507,33.987],[132.512,33.989],[132.516,33.989],[132.519,33.989],[132.522,33.989],[132.523,33.988],[132.519,33.983],[132.513,33.982],[132.513,33.975],[132.506,33.974],[132.505,33.971],[132.497,33.968],[132.493,33.965]]],[[[132.687,33.965],[132.687,33.966],[132.684,33.969],[132.683,33.972],[132.686,33.972],[132.689,33.973],[132.688,33.976],[132.689,33.978],[132.693,33.976],[132.693,33.974],[132.698,33.966],[132.687,33.965]]],[[[132.763,33.972],[132.761,33.974],[132.764,33.976],[132.766,33.974],[132.765,33.973],[132.763,33.972]]],[[[132.657,33.951],[132.66,33.975],[132.674,33.952],[132.657,33.951]]],[[[132.529,33.926],[132.521,33.929],[132.518,33.928],[132.515,33.932],[132.517,33.933],[132.521,33.937],[132.526,33.934],[132.53,33.936],[132.536,33.933],[132.539,33.934],[132.54,33.935],[132.542,33.936],[132.545,33.935],[132.548,33.938],[132.553,33.937],[132.553,33.933],[132.545,33.933],[132.537,33.929],[132.534,33.927],[132.529,33.926]]],[[[132.56,33.926],[132.555,33.928],[132.556,33.928],[132.561,33.927],[132.56,33.926]]],[[[132.669,33.871],[132.652,33.899],[132.701,33.927],[132.669,33.871]]],[[[132.641,33.886],[132.637,33.895],[132.645,33.891],[132.645,33.888],[132.641,33.886]]],[[[132.531,33.844],[132.526,33.851],[132.522,33.852],[132.522,33.851],[132.518,33.851],[132.515,33.853],[132.517,33.854],[132.522,33.852],[132.529,33.856],[132.534,33.852],[132.531,33.844]]],[[[132.474,33.733],[132.475,33.737],[132.483,33.738],[132.49,33.736],[132.49,33.735],[132.488,33.736],[132.48,33.735],[132.474,33.733]]],[[[132.347,33.453],[132.344,33.453],[132.344,33.457],[132.345,33.458],[132.346,33.458],[132.351,33.459],[132.351,33.455],[132.347,33.453]]],[[[132.365,33.438],[132.364,33.438],[132.357,33.439],[132.36,33.44],[132.365,33.44],[132.366,33.44],[132.369,33.44],[132.365,33.438]]],[[[132.341,33.381],[132.335,33.391],[132.339,33.396],[132.342,33.396],[132.344,33.396],[132.345,33.394],[132.345,33.394],[132.34,33.387],[132.342,33.382],[132.341,33.381]]],[[[132.358,33.369],[132.357,33.37],[132.353,33.374],[132.349,33.373],[132.343,33.377],[132.344,33.379],[132.344,33.378],[132.354,33.379],[132.357,33.379],[132.36,33.377],[132.366,33.377],[132.366,33.376],[132.358,33.369]]],[[[132.519,33.218],[132.516,33.24],[132.534,33.226],[132.519,33.218]]],[[[132.364,33.224],[132.363,33.224],[132.36,33.226],[132.356,33.229],[132.361,33.232],[132.362,33.23],[132.363,33.226],[132.364,33.224]]],[[[132.363,33.188],[132.34,33.206],[132.375,33.221],[132.363,33.188]]],[[[132.477,33.214],[132.479,33.216],[132.482,33.219],[132.484,33.217],[132.49,33.22],[132.488,33.216],[132.487,33.215],[132.484,33.216],[132.477,33.214]]],[[[132.401,33.185],[132.394,33.206],[132.417,33.196],[132.401,33.185]]],[[[132.269,33.188],[132.261,33.189],[132.26,33.19],[132.265,33.189],[132.267,33.189],[132.269,33.189],[132.269,33.188]]],[[[132.271,33.186],[132.27,33.188],[132.271,33.187],[132.271,33.187],[132.271,33.186]]],[[[132.369,33.181],[132.368,33.184],[132.366,33.187],[132.372,33.186],[132.374,33.183],[132.372,33.182],[132.369,33.181]]],[[[132.289,33.163],[132.261,33.183],[132.295,33.179],[132.289,33.163]]],[[[132.398,33.18],[132.4,33.183],[132.403,33.183],[132.406,33.183],[132.402,33.181],[132.398,33.18]]],[[[132.395,33.163],[132.392,33.163],[132.396,33.168],[132.397,33.167],[132.397,33.166],[132.395,33.163]]],[[[132.311,33.148],[132.303,33.149],[132.3,33.153],[132.294,33.154],[132.287,33.159],[132.289,33.162],[132.292,33.16],[132.295,33.158],[132.296,33.161],[132.299,33.16],[132.302,33.159],[132.307,33.162],[132.31,33.164],[132.306,33.158],[132.305,33.153],[132.311,33.151],[132.312,33.151],[132.314,33.152],[132.311,33.148]]],[[[132.32,33.151],[132.322,33.152],[132.322,33.152],[132.337,33.161],[132.345,33.159],[132.336,33.158],[132.33,33.153],[132.328,33.154],[132.32,33.151]]],[[[132.425,33.112],[132.421,33.112],[132.418,33.112],[132.42,33.114],[132.425,33.112]]],[[[132.412,33.102],[132.408,33.106],[132.411,33.109],[132.415,33.111],[132.415,33.108],[132.417,33.107],[132.415,33.103],[132.413,33.102],[132.412,33.102]]],[[[132.318,33.102],[132.319,33.108],[132.321,33.108],[132.323,33.107],[132.327,33.109],[132.331,33.109],[132.333,33.108],[132.335,33.109],[132.336,33.106],[132.332,33.105],[132.326,33.103],[132.318,33.102]]],[[[132.436,32.94],[132.435,32.943],[132.437,32.943],[132.439,32.943],[132.446,32.947],[132.448,32.947],[132.452,32.949],[132.454,32.951],[132.457,32.95],[132.457,32.945],[132.453,32.943],[132.449,32.943],[132.444,32.941],[132.439,32.94],[132.436,32.94]]],[[[132.403,32.933],[132.403,32.941],[132.404,32.946],[132.405,32.942],[132.405,32.941],[132.404,32.939],[132.406,32.936],[132.403,32.933]]],[[[132.429,32.929],[132.431,32.932],[132.432,32.93],[132.432,32.93],[132.429,32.929]]],[[[132.538,32.911],[132.537,32.912],[132.536,32.912],[132.537,32.913],[132.538,32.911]]],[[[132.563,32.91],[132.56,32.911],[132.558,32.911],[132.557,32.912],[132.563,32.91]]]]}},{"type":"Feature","properties":{"id":29,"name":"奈良県","nam":"Nara Ken"},"geometry":{"type":"Polygon","coordinates":[[[135.712,34.781],[135.755,34.727],[135.849,34.706],[135.89,34.709],[135.925,34.758],[135.925,34.74],[135.975,34.741],[136.014,34.708],[136.055,34.738],[136.07,34.714],[136.053,34.705],[136.085,34.676],[136.064,34.652],[136.04,34.663],[136.072,34.637],[136.049,34.58],[136.114,34.546],[136.156,34.559],[136.167,34.52],[136.216,34.528],[136.229,34.494],[136.206,34.449],[136.096,34.435],[136.069,34.394],[136.129,34.316],[136.095,34.301],[136.131,34.252],[136.093,34.196],[136.114,34.159],[136.099,34.119],[136.118,34.082],[136.093,34.083],[136.103,34.026],[136.019,34.036],[135.985,33.992],[135.927,33.981],[135.893,33.948],[135.909,33.918],[135.865,33.92],[135.872,33.859],[135.848,33.896],[135.808,33.906],[135.756,33.885],[135.687,33.904],[135.618,33.872],[135.622,33.898],[135.6,33.908],[135.617,33.954],[135.636,33.95],[135.636,33.991],[135.54,34.075],[135.645,34.188],[135.648,34.219],[135.707,34.208],[135.73,34.228],[135.715,34.265],[135.673,34.281],[135.651,34.383],[135.686,34.451],[135.677,34.525],[135.65,34.545],[135.682,34.585],[135.65,34.609],[135.712,34.781]]]}},{"type":"Feature","properties":{"id":32,"name":"島根県","nam":"Shimane Ken"},"geometry":{"type":"MultiPolygon","coordinates":[[[[133.248,36.161],[133.23,36.17],[133.245,36.19],[133.183,36.212],[133.18,36.288],[133.204,36.28],[133.195,36.301],[133.224,36.328],[133.282,36.348],[133.385,36.269],[133.37,36.206],[133.339,36.196],[133.344,36.224],[133.306,36.2],[133.334,36.197],[133.34,36.17],[133.279,36.188],[133.248,36.161]]],[[[133.122,36.147],[133.122,36.149],[133.124,36.148],[133.122,36.147]]],[[[132.998,36.039],[132.946,36.064],[132.977,36.114],[133.091,36.139],[133.039,36.107],[133.056,36.083],[133.043,36.061],[133.007,36.074],[133.005,36.106],[132.979,36.089],[132.998,36.039]]],[[[133.17,36.134],[133.17,36.134],[133.174,36.14],[133.179,36.138],[133.175,36.135],[133.17,36.134]]],[[[133.068,36.035],[133.064,36.101],[133.132,36.111],[133.117,36.084],[133.152,36.075],[133.096,36.072],[133.103,36.051],[133.068,36.035]]],[[[133.166,36.1],[133.163,36.103],[133.156,36.104],[133.163,36.115],[133.167,36.113],[133.165,36.109],[133.166,36.107],[133.168,36.107],[133.167,36.102],[133.166,36.1]]],[[[133.059,35.994],[133.041,36.013],[133.006,36.004],[132.999,36.032],[133.072,36.011],[133.059,35.994]]],[[[133.05,35.993],[133.049,35.996],[133.05,35.998],[133.049,35.998],[133.047,36.001],[133.048,36.001],[133.053,36.003],[133.053,36.0],[133.05,35.993]]],[[[133.077,35.993],[133.075,36.0],[133.077,36.0],[133.079,35.995],[133.077,35.993]]],[[[133.04,35.995],[133.037,35.997],[133.039,35.997],[133.04,35.996],[133.04,35.995]]],[[[133.244,35.549],[133.198,35.526],[133.221,35.481],[133.32,35.407],[133.292,35.32],[133.31,35.268],[133.153,35.219],[133.194,35.17],[133.149,35.141],[133.14,35.076],[133.033,35.068],[132.99,35.101],[132.95,35.075],[132.872,35.102],[132.747,34.959],[132.684,34.951],[132.633,34.905],[132.7,34.882],[132.697,34.843],[132.615,34.843],[132.537,34.795],[132.435,34.821],[132.396,34.779],[132.316,34.801],[132.298,34.777],[132.241,34.806],[132.221,34.75],[132.13,34.708],[132.161,34.683],[132.116,34.613],[132.125,34.583],[132.047,34.522],[132.036,34.502],[132.068,34.468],[132.025,34.462],[131.997,34.428],[132.013,34.372],[131.958,34.306],[131.919,34.338],[131.819,34.303],[131.765,34.365],[131.793,34.436],[131.698,34.435],[131.699,34.474],[131.667,34.504],[131.726,34.578],[131.694,34.621],[131.69,34.681],[131.747,34.676],[131.844,34.709],[131.864,34.755],[131.943,34.791],[132.007,34.868],[132.053,34.872],[132.112,34.953],[132.309,35.057],[132.417,35.19],[132.626,35.287],[132.674,35.375],[132.629,35.435],[132.751,35.447],[132.727,35.47],[132.864,35.513],[132.965,35.515],[132.969,35.544],[133.027,35.539],[133.058,35.563],[133.048,35.578],[133.096,35.578],[133.089,35.604],[133.151,35.56],[133.192,35.563],[133.192,35.58],[133.306,35.576],[133.325,35.566],[133.244,35.549]]],[[[133.125,35.588],[133.122,35.589],[133.119,35.589],[133.119,35.591],[133.122,35.595],[133.124,35.596],[133.125,35.596],[133.127,35.596],[133.125,35.594],[133.125,35.592],[133.125,35.588]]],[[[133.242,35.579],[133.238,35.58],[133.235,35.579],[133.236,35.58],[133.238,35.582],[133.244,35.582],[133.242,35.581],[133.242,35.579]]],[[[133.051,35.565],[133.049,35.567],[133.049,35.568],[133.05,35.567],[133.052,35.569],[133.051,35.565]]],[[[132.397,35.17],[132.395,35.17],[132.396,35.17],[132.397,35.17]]],[[[132.398,35.169],[132.397,35.17],[132.398,35.17],[132.398,35.169]]],[[[132.4,35.169],[132.398,35.17],[132.401,35.17],[132.4,35.169]]],[[[132.045,34.902],[132.044,34.903],[132.05,34.906],[132.05,34.903],[132.045,34.902]]],[[[132.061,34.898],[132.058,34.899],[132.058,34.902],[132.059,34.902],[132.061,34.905],[132.063,34.901],[132.061,34.898],[132.061,34.898]]],[[[131.841,34.834],[131.831,34.835],[131.829,34.837],[131.829,34.837],[131.832,34.837],[131.835,34.837],[131.837,34.837],[131.838,34.836],[131.84,34.836],[131.841,34.834]]],[[[131.865,37.244],[131.865,37.244],[131.866,37.244],[131.866,37.243],[131.866,37.243],[131.866,37.242],[131.867,37.242],[131.866,37.242],[131.867,37.242],[131.867,37.242],[131.867,37.241],[131.867,37.241],[131.866,37.241],[131.866,37.241],[131.866,37.241],[131.865,37.24],[131.865,37.24],[131.863,37.24],[131.863,37.241],[131.863,37.241],[131.863,37.242],[131.863,37.243],[131.864,37.243],[131.864,37.243],[131.865,37.243],[131.865,37.243],[131.865,37.244],[131.865,37.244]]],[[[131.87,37.242],[131.87,37.242],[131.871,37.241],[131.87,37.241],[131.87,37.24],[131.87,37.24],[131.871,37.241],[131.871,37.241],[131.871,37.241],[131.871,37.241],[131.871,37.24],[131.871,37.24],[131.872,37.24],[131.872,37.24],[131.872,37.24],[131.871,37.24],[131.871,37.24],[131.871,37.239],[131.871,37.239],[131.87,37.239],[131.87,37.239],[131.87,37.239],[131.87,37.238],[131.87,37.238],[131.87,37.238],[131.869,37.239],[131.868,37.239],[131.868,37.24],[131.868,37.241],[131.869,37.241],[131.87,37.242]]],[[[131.864,37.248],[131.864,37.248],[131.865,37.247],[131.865,37.247],[131.864,37.247],[131.864,37.247],[131.863,37.247],[131.864,37.247],[131.863,37.248],[131.864,37.248]]]]}},{"type":"Feature","properties":{"id":3,"name":"岩手県","nam":"Iwate Ken"},"geometry":{"type":"MultiPolygon","coordinates":[[[[141.582,40.374],[141.587,40.407],[141.683,40.451],[141.817,40.271],[141.834,40.221],[141.795,40.191],[141.876,40.144],[141.843,40.131],[141.829,40.087],[141.955,39.986],[141.964,39.954],[141.94,39.92],[142.005,39.776],[141.972,39.731],[141.983,39.648],[141.947,39.591],[142.027,39.656],[142.027,39.579],[142.073,39.549],[142.057,39.522],[142.034,39.529],[142.01,39.476],[141.954,39.468],[141.979,39.44],[142.037,39.483],[142.061,39.472],[142.044,39.425],[141.987,39.409],[141.976,39.427],[141.939,39.387],[141.968,39.375],[141.958,39.358],[141.899,39.337],[141.998,39.351],[141.971,39.314],[141.888,39.304],[141.929,39.268],[141.889,39.274],[141.892,39.247],[141.971,39.249],[141.945,39.241],[141.949,39.218],[141.869,39.207],[141.922,39.179],[141.837,39.146],[141.922,39.105],[141.882,39.084],[141.812,39.112],[141.822,39.077],[141.876,39.065],[141.814,39.057],[141.853,39.03],[141.802,39.025],[141.798,39.043],[141.734,39.02],[141.73,39.071],[141.71,39.025],[141.745,38.996],[141.711,38.996],[141.697,38.969],[141.729,38.953],[141.706,38.939],[141.667,39.006],[141.625,39.001],[141.632,38.971],[141.491,38.998],[141.492,38.916],[141.451,38.877],[141.466,38.857],[141.459,38.815],[141.43,38.811],[141.438,38.783],[141.411,38.768],[141.395,38.8],[141.31,38.823],[141.303,38.793],[141.274,38.797],[141.255,38.76],[141.217,38.75],[141.106,38.823],[141.146,38.856],[141.14,38.878],[140.986,38.876],[140.958,38.909],[140.826,38.964],[140.774,38.958],[140.764,39.0],[140.81,39.057],[140.753,39.087],[140.77,39.124],[140.75,39.14],[140.809,39.18],[140.766,39.198],[140.789,39.238],[140.695,39.3],[140.71,39.33],[140.654,39.391],[140.659,39.416],[140.724,39.481],[140.731,39.566],[140.796,39.603],[140.822,39.65],[140.823,39.688],[140.775,39.735],[140.848,39.796],[140.787,39.824],[140.783,39.866],[140.826,39.887],[140.878,39.875],[140.848,39.96],[140.845,40.074],[140.88,40.107],[140.883,40.159],[140.861,40.174],[140.896,40.214],[140.955,40.248],[140.98,40.22],[141.026,40.222],[141.105,40.257],[141.101,40.282],[141.317,40.373],[141.351,40.332],[141.443,40.376],[141.537,40.348],[141.582,40.374]]],[[[141.988,39.669],[141.986,39.67],[141.987,39.672],[141.99,39.67],[141.988,39.669]]],[[[142.038,39.419],[142.037,39.42],[142.04,39.42],[142.038,39.419]]],[[[141.997,39.4],[141.994,39.401],[141.997,39.403],[142,39.407],[142.0,39.404],[142.0,39.402],[141.997,39.4]]],[[[141.986,39.304],[141.983,39.305],[141.98,39.305],[141.976,39.308],[141.981,39.309],[141.984,39.308],[141.988,39.306],[141.987,39.305],[141.986,39.304]]],[[[141.71,38.938],[141.71,38.94],[141.709,38.94],[141.711,38.94],[141.712,38.939],[141.71,38.938]]]]}},{"type":"Feature","properties":{"id":31,"name":"鳥取県","nam":"Tottori Ken"},"geometry":{"type":"Polygon","coordinates":[[[134.37,35.615],[134.421,35.563],[134.412,35.515],[134.44,35.443],[134.48,35.425],[134.472,35.378],[134.513,35.354],[134.515,35.277],[134.462,35.237],[134.393,35.253],[134.321,35.202],[134.26,35.21],[134.172,35.17],[134.139,35.279],[134.097,35.306],[134.01,35.308],[134.014,35.35],[133.932,35.334],[133.925,35.308],[133.863,35.293],[133.831,35.249],[133.745,35.319],[133.596,35.345],[133.559,35.246],[133.505,35.229],[133.526,35.183],[133.396,35.181],[133.403,35.114],[133.299,35.104],[133.268,35.058],[133.247,35.079],[133.136,35.069],[133.149,35.141],[133.194,35.17],[133.153,35.219],[133.31,35.268],[133.292,35.32],[133.32,35.407],[133.221,35.481],[133.198,35.526],[133.217,35.546],[133.265,35.552],[133.244,35.535],[133.264,35.498],[133.393,35.454],[133.446,35.494],[133.567,35.53],[133.772,35.501],[134.007,35.538],[134.078,35.522],[134.247,35.552],[134.37,35.615]]]}},{"type":"Feature","properties":{"id":36,"name":"徳島県","nam":"Tokushima Ken"},"geometry":{"type":"MultiPolygon","coordinates":[[[[134.591,34.214],[134.589,34.218],[134.59,34.222],[134.591,34.223],[134.593,34.223],[134.591,34.227],[134.587,34.23],[134.593,34.241],[134.598,34.245],[134.604,34.251],[134.611,34.25],[134.612,34.25],[134.615,34.247],[134.617,34.244],[134.616,34.243],[134.615,34.239],[134.618,34.237],[134.615,34.232],[134.613,34.232],[134.609,34.229],[134.609,34.234],[134.6,34.225],[134.599,34.22],[134.598,34.221],[134.596,34.218],[134.591,34.214]]],[[[134.622,34.186],[134.588,34.207],[134.642,34.239],[134.622,34.186]]],[[[134.44,34.208],[134.583,34.239],[134.583,34.204],[134.642,34.18],[134.604,34.12],[134.588,34.012],[134.606,33.983],[134.634,34.01],[134.706,33.926],[134.629,33.857],[134.716,33.849],[134.68,33.83],[134.749,33.835],[134.58,33.77],[134.566,33.733],[134.543,33.737],[134.517,33.702],[134.396,33.656],[134.362,33.627],[134.389,33.623],[134.363,33.589],[134.332,33.584],[134.362,33.581],[134.311,33.576],[134.314,33.546],[134.193,33.562],[134.149,33.629],[134.184,33.649],[134.174,33.684],[134.057,33.691],[134.067,33.726],[134.032,33.828],[133.96,33.835],[133.913,33.791],[133.839,33.845],[133.747,33.837],[133.664,33.869],[133.689,33.916],[133.679,34.012],[133.777,34.078],[133.939,34.115],[133.972,34.073],[133.997,34.074],[134.05,34.118],[134.122,34.119],[134.173,34.177],[134.349,34.185],[134.412,34.157],[134.44,34.208]]],[[[134.674,33.86],[134.671,33.867],[134.673,33.865],[134.678,33.869],[134.681,33.868],[134.679,33.867],[134.677,33.862],[134.674,33.86]]],[[[134.654,33.854],[134.65,33.856],[134.652,33.858],[134.653,33.86],[134.655,33.862],[134.656,33.865],[134.654,33.867],[134.654,33.867],[134.656,33.868],[134.657,33.867],[134.658,33.868],[134.659,33.866],[134.662,33.866],[134.661,33.864],[134.664,33.861],[134.663,33.861],[134.66,33.86],[134.659,33.86],[134.654,33.854]]],[[[134.71,33.853],[134.709,33.854],[134.71,33.858],[134.71,33.857],[134.714,33.857],[134.71,33.853]]],[[[134.81,33.84],[134.805,33.844],[134.808,33.847],[134.807,33.851],[134.811,33.851],[134.818,33.857],[134.821,33.856],[134.82,33.85],[134.818,33.847],[134.817,33.847],[134.819,33.843],[134.81,33.84]]],[[[134.729,33.847],[134.73,33.848],[134.732,33.85],[134.735,33.849],[134.74,33.853],[134.742,33.852],[134.741,33.85],[134.729,33.847]]],[[[134.799,33.842],[134.798,33.844],[134.798,33.845],[134.792,33.846],[134.796,33.848],[134.802,33.844],[134.799,33.842]]],[[[134.804,33.839],[134.803,33.839],[134.801,33.842],[134.804,33.844],[134.804,33.839]]],[[[134.497,33.63],[134.488,33.633],[134.484,33.633],[134.481,33.637],[134.487,33.635],[134.487,33.637],[134.483,33.641],[134.484,33.642],[134.485,33.645],[134.487,33.645],[134.49,33.641],[134.491,33.642],[134.497,33.638],[134.499,33.639],[134.504,33.641],[134.501,33.635],[134.497,33.63]]],[[[134.449,33.637],[134.446,33.638],[134.445,33.639],[134.447,33.639],[134.449,33.639],[134.45,33.639],[134.45,33.638],[134.449,33.637]]],[[[134.423,33.629],[134.421,33.636],[134.424,33.636],[134.424,33.636],[134.424,33.637],[134.426,33.633],[134.426,33.631],[134.423,33.629]]],[[[134.321,33.54],[134.317,33.542],[134.316,33.544],[134.317,33.545],[134.316,33.547],[134.317,33.549],[134.32,33.545],[134.322,33.543],[134.324,33.541],[134.321,33.54]]]]}},{"type":"Feature","properties":{"id":46,"name":"鹿児島県","nam":"Kagoshima Ken"},"geometry":{"type":"MultiPolygon","coordinates":[[[[130.214,32.25],[130.219,32.292],[130.255,32.306],[130.268,32.28],[130.214,32.25]]],[[[130.169,32.226],[130.158,32.244],[130.188,32.268],[130.169,32.226]]],[[[130.181,32.262],[130.179,32.262],[130.178,32.265],[130.181,32.264],[130.181,32.262]]],[[[130.227,32.246],[130.226,32.247],[130.224,32.25],[130.222,32.253],[130.221,32.254],[130.224,32.253],[130.23,32.249],[130.227,32.246]]],[[[130.181,32.24],[130.18,32.241],[130.185,32.244],[130.186,32.244],[130.183,32.241],[130.181,32.24]]],[[[130.204,32.204],[130.204,32.208],[130.207,32.212],[130.197,32.217],[130.2,32.211],[130.201,32.208],[130.195,32.212],[130.195,32.217],[130.188,32.22],[130.188,32.223],[130.191,32.222],[130.193,32.226],[130.195,32.226],[130.195,32.227],[130.196,32.231],[130.193,32.239],[130.193,32.244],[130.199,32.24],[130.201,32.235],[130.201,32.229],[130.205,32.226],[130.209,32.224],[130.205,32.219],[130.205,32.217],[130.21,32.22],[130.21,32.213],[130.204,32.204]]],[[[130.158,32.09],[130.111,32.126],[130.09,32.18],[130.122,32.2],[130.106,32.215],[130.156,32.195],[130.145,32.217],[130.174,32.229],[130.2,32.197],[130.184,32.164],[130.209,32.156],[130.171,32.134],[130.158,32.09]]],[[[130.179,32.225],[130.179,32.228],[130.181,32.228],[130.181,32.227],[130.179,32.225]]],[[[130.216,32.224],[130.215,32.225],[130.219,32.228],[130.218,32.225],[130.216,32.224]]],[[[130.591,32.186],[130.72,32.101],[130.702,32.058],[130.777,32.014],[130.799,31.949],[130.866,31.933],[130.913,31.886],[130.876,31.815],[130.987,31.779],[130.977,31.753],[131.014,31.749],[131.025,31.666],[131.053,31.634],[131.078,31.66],[131.128,31.626],[131.164,31.639],[131.204,31.579],[131.199,31.514],[131.16,31.462],[131.109,31.476],[131.018,31.391],[131.017,31.356],[131.107,31.331],[131.078,31.272],[131.127,31.275],[131.066,31.228],[131.016,31.228],[130.96,31.137],[130.747,31.061],[130.661,30.994],[130.678,31.053],[130.653,31.069],[130.747,31.14],[130.802,31.337],[130.757,31.421],[130.698,31.463],[130.697,31.555],[130.636,31.546],[130.59,31.587],[130.677,31.629],[130.716,31.603],[130.706,31.557],[130.764,31.562],[130.822,31.656],[130.794,31.702],[130.687,31.735],[130.627,31.713],[130.618,31.657],[130.518,31.503],[130.53,31.484],[130.514,31.494],[130.57,31.314],[130.667,31.267],[130.655,31.218],[130.63,31.211],[130.639,31.191],[130.586,31.156],[130.554,31.178],[130.52,31.165],[130.508,31.213],[130.462,31.25],[130.291,31.269],[130.277,31.247],[130.214,31.249],[130.229,31.28],[130.199,31.297],[130.223,31.31],[130.173,31.323],[130.209,31.347],[130.106,31.412],[130.158,31.44],[130.225,31.399],[130.272,31.426],[130.332,31.555],[130.315,31.658],[130.252,31.731],[130.186,31.749],[130.166,31.794],[130.223,31.911],[130.2,31.986],[130.173,31.992],[130.206,32.058],[130.192,32.084],[130.172,32.078],[130.175,32.105],[130.223,32.128],[130.308,32.108],[130.36,32.168],[130.404,32.12],[130.453,32.113],[130.476,32.139],[130.581,32.155],[130.591,32.186]]],[[[130.157,32.086],[130.156,32.087],[130.156,32.087],[130.157,32.087],[130.157,32.086]]],[[[130.161,32.032],[130.162,32.037],[130.162,32.037],[130.162,32.036],[130.161,32.032]]],[[[130.165,32.021],[130.164,32.026],[130.161,32.026],[130.162,32.027],[130.164,32.029],[130.166,32.026],[130.169,32.026],[130.17,32.026],[130.171,32.022],[130.165,32.021]]],[[[129.871,31.801],[129.841,31.85],[129.864,31.859],[129.842,31.87],[129.82,31.844],[129.835,31.882],[129.909,31.843],[129.907,31.87],[129.931,31.865],[129.927,31.821],[129.871,31.801]]],[[[129.931,31.866],[129.936,31.87],[129.938,31.87],[129.939,31.868],[129.931,31.866]]],[[[129.958,31.864],[129.958,31.867],[129.96,31.867],[129.963,31.866],[129.958,31.864]]],[[[129.976,31.861],[129.974,31.862],[129.975,31.862],[129.977,31.862],[129.977,31.861],[129.976,31.861]]],[[[129.84,31.82],[129.839,31.822],[129.835,31.825],[129.839,31.827],[129.844,31.829],[129.842,31.823],[129.84,31.82]]],[[[129.828,31.775],[129.81,31.799],[129.838,31.819],[129.828,31.775]]],[[[129.713,31.622],[129.665,31.634],[129.657,31.659],[129.681,31.663],[129.706,31.723],[129.774,31.74],[129.781,31.791],[129.799,31.785],[129.769,31.713],[129.738,31.704],[129.713,31.622]]],[[[130.713,31.699],[130.711,31.701],[130.713,31.701],[130.714,31.7],[130.713,31.699]]],[[[130.721,31.614],[130.721,31.616],[130.723,31.621],[130.724,31.62],[130.721,31.614]]],[[[131.118,31.425],[131.114,31.428],[131.114,31.43],[131.116,31.434],[131.118,31.425]]],[[[131.025,31.363],[131.02,31.364],[131.021,31.376],[131.032,31.377],[131.034,31.375],[131.035,31.368],[131.035,31.364],[131.025,31.363]]],[[[130.162,31.35],[130.161,31.353],[130.159,31.355],[130.158,31.355],[130.168,31.363],[130.168,31.361],[130.166,31.361],[130.166,31.355],[130.162,31.35]]],[[[130.675,31.272],[130.671,31.276],[130.676,31.28],[130.681,31.277],[130.681,31.277],[130.675,31.272]]],[[[129.475,31.195],[129.474,31.196],[129.472,31.2],[129.47,31.202],[129.468,31.205],[129.471,31.206],[129.471,31.207],[129.471,31.211],[129.475,31.205],[129.475,31.204],[129.475,31.195]]],[[[129.434,31.176],[129.433,31.177],[129.437,31.18],[129.436,31.184],[129.437,31.186],[129.438,31.186],[129.439,31.186],[129.442,31.186],[129.445,31.2],[129.447,31.199],[129.45,31.199],[129.452,31.196],[129.451,31.193],[129.449,31.192],[129.446,31.186],[129.451,31.182],[129.447,31.182],[129.448,31.177],[129.447,31.177],[129.446,31.177],[129.442,31.18],[129.435,31.177],[129.434,31.176]]],[[[130.672,30.996],[130.67,30.996],[130.672,30.998],[130.673,30.997],[130.672,30.996]]],[[[129.468,30.859],[129.461,30.859],[129.464,30.862],[129.466,30.862],[129.467,30.861],[129.468,30.859]]],[[[129.93,30.812],[129.904,30.839],[129.962,30.835],[129.93,30.812]]],[[[129.427,30.841],[129.427,30.844],[129.433,30.848],[129.434,30.848],[129.433,30.846],[129.427,30.841]]],[[[130.948,30.635],[130.94,30.67],[131.055,30.839],[131.081,30.784],[131.054,30.606],[130.962,30.48],[130.967,30.372],[130.871,30.344],[130.849,30.468],[130.872,30.466],[130.929,30.544],[130.948,30.635]]],[[[130.442,30.8],[130.396,30.81],[130.426,30.819],[130.442,30.8]]],[[[130.277,30.772],[130.267,30.793],[130.32,30.795],[130.277,30.772]]],[[[130.339,30.802],[130.337,30.803],[130.339,30.804],[130.341,30.804],[130.339,30.802]]],[[[130.851,30.725],[130.842,30.726],[130.836,30.727],[130.838,30.733],[130.841,30.743],[130.841,30.75],[130.845,30.753],[130.85,30.759],[130.852,30.761],[130.856,30.765],[130.859,30.763],[130.859,30.757],[130.86,30.753],[130.86,30.751],[130.861,30.751],[130.862,30.748],[130.863,30.747],[130.866,30.742],[130.865,30.736],[130.861,30.728],[130.857,30.725],[130.854,30.726],[130.851,30.725]]],[[[130.21,30.421],[130.195,30.46],[130.169,30.457],[130.144,30.49],[130.263,30.448],[130.21,30.421]]],[[[130.522,30.226],[130.436,30.24],[130.376,30.372],[130.497,30.469],[130.67,30.372],[130.65,30.295],[130.582,30.239],[130.522,30.226]]],[[[130.969,30.42],[130.968,30.42],[130.968,30.421],[130.969,30.42]]],[[[129.931,29.949],[129.899,29.975],[129.915,30.007],[129.945,29.96],[129.931,29.949]]],[[[129.542,29.893],[129.539,29.895],[129.534,29.895],[129.531,29.896],[129.53,29.903],[129.53,29.915],[129.532,29.914],[129.536,29.915],[129.538,29.913],[129.538,29.912],[129.542,29.912],[129.545,29.91],[129.546,29.91],[129.552,29.903],[129.552,29.899],[129.553,29.895],[129.548,29.893],[129.546,29.894],[129.542,29.893]]],[[[129.619,29.877],[129.616,29.881],[129.617,29.885],[129.62,29.885],[129.62,29.881],[129.619,29.877]]],[[[129.872,29.816],[129.837,29.85],[129.849,29.883],[129.891,29.87],[129.916,29.824],[129.872,29.816]]],[[[129.535,29.676],[129.532,29.679],[129.528,29.681],[129.524,29.686],[129.529,29.694],[129.533,29.696],[129.537,29.695],[129.538,29.683],[129.535,29.676]]],[[[129.706,29.602],[129.684,29.654],[129.741,29.67],[129.706,29.602]]],[[[129.604,29.445],[129.593,29.476],[129.619,29.451],[129.604,29.445]]],[[[129.343,29.224],[129.342,29.23],[129.346,29.23],[129.348,29.227],[129.343,29.224]]],[[[129.326,29.218],[129.32,29.22],[129.318,29.224],[129.324,29.228],[129.328,29.228],[129.33,29.226],[129.326,29.218]]],[[[129.22,29.127],[129.187,29.155],[129.219,29.157],[129.22,29.127]]],[[[129.74,31.309],[129.74,31.309],[129.741,31.308],[129.74,31.308],[129.74,31.308],[129.74,31.308],[129.74,31.309],[129.74,31.309],[129.74,31.309]]],[[[129.418,31.173],[129.418,31.173],[129.419,31.173],[129.419,31.172],[129.419,31.172],[129.419,31.171],[129.418,31.171],[129.418,31.171],[129.417,31.171],[129.418,31.173]]],[[[129.423,31.137],[129.424,31.136],[129.424,31.136],[129.423,31.136],[129.424,31.136],[129.424,31.135],[129.423,31.135],[129.423,31.135],[129.422,31.135],[129.423,31.136],[129.422,31.136],[129.422,31.136],[129.423,31.137]]],[[[129.739,31.307],[129.74,31.307],[129.74,31.307],[129.74,31.306],[129.74,31.306],[129.74,31.306],[129.739,31.307],[129.739,31.307],[129.739,31.307]]],[[[129.417,31.173],[129.417,31.172],[129.417,31.172],[129.417,31.171],[129.416,31.172],[129.416,31.172],[129.417,31.173]]],[[[129.425,30.832],[129.426,30.831],[129.426,30.83],[129.425,30.829],[129.424,30.829],[129.424,30.829],[129.424,30.83],[129.423,30.83],[129.423,30.83],[129.424,30.83],[129.425,30.831],[129.425,30.832]]],[[[129.427,30.838],[129.427,30.838],[129.427,30.838],[129.426,30.839],[129.426,30.84],[129.427,30.84],[129.428,30.839],[129.43,30.839],[129.429,30.839],[129.429,30.838],[129.427,30.838]]]]}},{"type":"Feature","properties":{"id":15,"name":"新潟県","nam":"Niigata Ken"},"geometry":{"type":"MultiPolygon","coordinates":[[[[139.548,38.553],[139.722,38.497],[139.706,38.392],[139.753,38.36],[139.849,38.343],[139.9,38.276],[139.787,38.193],[139.713,38.207],[139.683,38.17],[139.693,38.115],[139.672,38.077],[139.693,38.057],[139.656,38.034],[139.625,37.919],[139.657,37.864],[139.711,37.855],[139.742,37.818],[139.658,37.755],[139.627,37.689],[139.549,37.649],[139.585,37.513],[139.428,37.514],[139.398,37.46],[139.223,37.449],[139.197,37.411],[139.232,37.388],[139.234,37.344],[139.165,37.238],[139.253,37.165],[139.241,36.941],[139.18,36.965],[139.172,37.0],[139.097,37.059],[139.09,37.02],[139.047,36.987],[138.966,36.979],[138.979,36.891],[138.923,36.883],[138.928,36.833],[138.822,36.817],[138.821,36.764],[138.789,36.745],[138.726,36.764],[138.703,36.737],[138.669,36.776],[138.696,36.808],[138.691,36.857],[138.589,36.914],[138.566,37.021],[138.514,37.03],[138.395,36.997],[138.343,36.921],[138.298,36.913],[138.289,36.847],[138.214,36.87],[138.166,36.845],[138.115,36.85],[138.053,36.8],[138.003,36.827],[138.031,36.878],[138.014,36.904],[137.869,36.916],[137.876,36.867],[137.762,36.766],[137.711,36.945],[137.635,36.98],[137.909,37.06],[138.102,37.174],[138.216,37.17],[138.255,37.208],[138.249,37.182],[138.436,37.324],[138.554,37.378],[138.617,37.484],[138.747,37.604],[138.84,37.814],[139.07,37.952],[139.23,37.995],[139.372,38.106],[139.45,38.239],[139.457,38.396],[139.548,38.553]]],[[[139.222,38.437],[139.225,38.465],[139.265,38.489],[139.222,38.437]]],[[[138.485,38.333],[138.483,38.333],[138.481,38.334],[138.483,38.337],[138.484,38.337],[138.485,38.333]]],[[[138.245,37.803],[138.206,37.828],[138.272,37.852],[138.285,37.92],[138.343,37.964],[138.301,38.007],[138.274,38.003],[138.255,37.965],[138.229,37.98],[138.242,38.087],[138.325,38.199],[138.439,38.266],[138.459,38.321],[138.515,38.332],[138.493,38.204],[138.435,38.087],[138.482,38.062],[138.562,38.088],[138.574,38.063],[138.546,38.008],[138.47,37.897],[138.355,37.83],[138.245,37.803]]],[[[138.24,38.084],[138.24,38.087],[138.24,38.087],[138.241,38.087],[138.24,38.084]]],[[[139.25,38.496],[139.25,38.496],[139.25,38.496],[139.25,38.495],[139.25,38.495],[139.25,38.495],[139.25,38.495],[139.249,38.495],[139.25,38.495],[139.25,38.495],[139.25,38.496],[139.25,38.496]]]]}},{"type":"Feature","properties":{"id":39,"name":"高知県","nam":"Kochi Ken"},"geometry":{"type":"MultiPolygon","coordinates":[[[[133.583,33.868],[133.646,33.883],[133.747,33.837],[133.839,33.845],[133.913,33.791],[133.96,33.835],[134.032,33.828],[134.067,33.726],[134.057,33.691],[134.174,33.684],[134.184,33.649],[134.149,33.629],[134.193,33.562],[134.306,33.553],[134.208,33.395],[134.177,33.243],[134.039,33.37],[134.031,33.412],[133.959,33.442],[133.934,33.487],[133.729,33.538],[133.564,33.501],[133.56,33.553],[133.546,33.518],[133.574,33.496],[133.35,33.418],[133.403,33.414],[133.416,33.439],[133.457,33.42],[133.343,33.399],[133.318,33.355],[133.324,33.378],[133.289,33.382],[133.289,33.405],[133.263,33.34],[133.231,33.324],[133.26,33.31],[133.238,33.296],[133.263,33.258],[133.24,33.197],[133.21,33.183],[133.222,33.153],[133.191,33.167],[133.17,33.15],[133.104,33.072],[133.094,33.023],[133.04,33.038],[133.011,33.015],[132.992,32.952],[133.009,32.882],[132.949,32.856],[132.952,32.813],[133.001,32.787],[133.02,32.724],[132.966,32.729],[132.952,32.764],[132.969,32.777],[132.945,32.765],[132.936,32.787],[132.88,32.79],[132.869,32.766],[132.861,32.79],[132.802,32.747],[132.756,32.753],[132.711,32.798],[132.628,32.764],[132.644,32.787],[132.626,32.796],[132.656,32.801],[132.644,32.82],[132.673,32.841],[132.656,32.853],[132.695,32.886],[132.721,32.88],[132.708,32.926],[132.655,32.925],[132.691,32.974],[132.657,33.057],[132.663,33.109],[132.629,33.132],[132.619,33.181],[132.695,33.138],[132.741,33.201],[132.775,33.206],[132.793,33.275],[132.9,33.321],[132.806,33.46],[133.015,33.481],[133.063,33.543],[133.046,33.575],[133.079,33.609],[133.077,33.653],[133.116,33.66],[133.193,33.794],[133.236,33.783],[133.277,33.831],[133.326,33.815],[133.415,33.84],[133.497,33.829],[133.539,33.877],[133.583,33.868]]],[[[134.297,33.537],[134.297,33.54],[134.3,33.539],[134.299,33.537],[134.297,33.537]]],[[[134.312,33.537],[134.31,33.538],[134.308,33.539],[134.312,33.539],[134.312,33.537]]],[[[133.302,33.357],[133.299,33.359],[133.298,33.361],[133.3,33.363],[133.304,33.363],[133.303,33.362],[133.302,33.359],[133.302,33.357]]],[[[133.311,33.356],[133.305,33.357],[133.305,33.358],[133.31,33.358],[133.311,33.356]]],[[[133.322,33.347],[133.319,33.352],[133.321,33.351],[133.323,33.35],[133.322,33.347]]],[[[132.705,32.92],[132.703,32.92],[132.702,32.922],[132.705,32.92]]],[[[132.664,32.917],[132.663,32.92],[132.662,32.921],[132.664,32.92],[132.665,32.918],[132.664,32.917]]],[[[132.657,32.914],[132.654,32.914],[132.652,32.915],[132.654,32.916],[132.656,32.918],[132.656,32.918],[132.659,32.917],[132.657,32.914]]],[[[132.696,32.91],[132.694,32.912],[132.689,32.912],[132.687,32.918],[132.689,32.918],[132.69,32.918],[132.693,32.918],[132.699,32.917],[132.702,32.918],[132.703,32.917],[132.704,32.914],[132.696,32.91]]],[[[132.482,32.796],[132.479,32.798],[132.481,32.801],[132.483,32.802],[132.485,32.805],[132.486,32.807],[132.495,32.805],[132.497,32.805],[132.497,32.805],[132.499,32.805],[132.497,32.802],[132.494,32.801],[132.494,32.799],[132.496,32.797],[132.494,32.797],[132.482,32.796]]],[[[132.618,32.766],[132.617,32.767],[132.622,32.772],[132.628,32.773],[132.626,32.77],[132.628,32.768],[132.622,32.767],[132.618,32.766]]],[[[132.543,32.702],[132.544,32.755],[132.571,32.717],[132.543,32.702]]],[[[132.602,32.745],[132.598,32.745],[132.6,32.748],[132.603,32.746],[132.602,32.745]]],[[[132.483,32.734],[132.486,32.738],[132.487,32.74],[132.488,32.743],[132.493,32.74],[132.49,32.736],[132.487,32.736],[132.483,32.734]]]]}},{"type":"Feature","properties":{"id":45,"name":"宮崎県","nam":"Miyazaki Ken"},"geometry":{"type":"MultiPolygon","coordinates":[[[[131.508,32.774],[131.566,32.754],[131.592,32.775],[131.708,32.772],[131.737,32.833],[131.767,32.838],[131.858,32.821],[131.847,32.736],[131.885,32.746],[131.849,32.719],[131.85,32.693],[131.826,32.706],[131.79,32.663],[131.778,32.674],[131.75,32.646],[131.772,32.634],[131.754,32.602],[131.693,32.568],[131.685,32.508],[131.713,32.52],[131.728,32.493],[131.694,32.469],[131.658,32.483],[131.641,32.439],[131.674,32.454],[131.678,32.43],[131.654,32.427],[131.688,32.423],[131.642,32.407],[131.627,32.343],[131.583,32.287],[131.463,31.914],[131.482,31.92],[131.462,31.907],[131.454,31.818],[131.487,31.786],[131.468,31.686],[131.449,31.68],[131.469,31.645],[131.381,31.555],[131.388,31.485],[131.362,31.47],[131.371,31.431],[131.332,31.395],[131.337,31.361],[131.309,31.39],[131.255,31.38],[131.241,31.427],[131.16,31.46],[131.169,31.5],[131.199,31.514],[131.188,31.623],[131.115,31.63],[131.078,31.66],[131.053,31.634],[131.025,31.666],[131.014,31.749],[130.977,31.753],[130.987,31.779],[130.876,31.815],[130.913,31.886],[130.866,31.933],[130.799,31.949],[130.777,32.014],[130.703,32.057],[130.704,32.078],[130.734,32.109],[130.82,32.095],[130.904,32.133],[130.972,32.121],[131.013,32.174],[131.108,32.16],[131.1,32.201],[131.042,32.25],[131.05,32.286],[131.078,32.281],[131.111,32.328],[131.074,32.357],[131.066,32.407],[131.019,32.439],[131.019,32.549],[131.05,32.587],[131.107,32.583],[131.116,32.643],[131.143,32.676],[131.175,32.673],[131.179,32.711],[131.234,32.744],[131.265,32.826],[131.34,32.833],[131.365,32.803],[131.474,32.837],[131.517,32.8],[131.508,32.774]]],[[[131.844,32.681],[131.841,32.684],[131.844,32.686],[131.845,32.685],[131.845,32.684],[131.844,32.682],[131.846,32.682],[131.844,32.681]]],[[[131.825,32.656],[131.808,32.67],[131.835,32.67],[131.825,32.656]]],[[[131.822,32.654],[131.821,32.654],[131.821,32.655],[131.822,32.655],[131.822,32.654]]],[[[131.703,32.473],[131.703,32.475],[131.704,32.475],[131.704,32.474],[131.703,32.473],[131.703,32.473]]],[[[131.665,32.464],[131.666,32.466],[131.667,32.47],[131.668,32.47],[131.669,32.467],[131.669,32.464],[131.665,32.464]]],[[[131.729,32.463],[131.73,32.466],[131.73,32.466],[131.732,32.464],[131.729,32.463]]],[[[131.473,31.737],[131.469,31.739],[131.471,31.74],[131.473,31.74],[131.473,31.737]]],[[[131.417,31.512],[131.416,31.512],[131.402,31.53],[131.408,31.536],[131.408,31.541],[131.414,31.54],[131.412,31.539],[131.416,31.53],[131.414,31.529],[131.414,31.523],[131.417,31.512]]],[[[131.388,31.501],[131.389,31.503],[131.389,31.503],[131.388,31.501]]],[[[131.39,31.473],[131.387,31.477],[131.388,31.479],[131.39,31.479],[131.391,31.474],[131.39,31.473]]],[[[131.377,31.449],[131.372,31.451],[131.372,31.452],[131.372,31.452],[131.372,31.453],[131.377,31.456],[131.377,31.449]]]]}},{"type":"Feature","properties":{"id":14,"name":"神奈川県","nam":"Kanagawa Ken"},"geometry":{"type":"MultiPolygon","coordinates":[[[[139.131,35.672],[139.216,35.646],[139.253,35.602],[139.399,35.584],[139.468,35.502],[139.485,35.504],[139.473,35.576],[139.507,35.576],[139.449,35.612],[139.497,35.605],[139.525,35.643],[139.665,35.589],[139.702,35.537],[139.79,35.527],[139.776,35.51],[139.752,35.533],[139.765,35.512],[139.751,35.524],[139.734,35.5],[139.725,35.517],[139.732,35.5],[139.632,35.466],[139.691,35.439],[139.67,35.403],[139.622,35.396],[139.657,35.373],[139.657,35.342],[139.622,35.332],[139.661,35.328],[139.634,35.295],[139.661,35.283],[139.672,35.301],[139.691,35.267],[139.747,35.253],[139.718,35.247],[139.725,35.212],[139.657,35.185],[139.678,35.139],[139.611,35.141],[139.627,35.163],[139.6,35.195],[139.628,35.215],[139.576,35.253],[139.569,35.294],[139.438,35.319],[139.247,35.292],[139.148,35.241],[139.137,35.179],[139.161,35.141],[139.029,35.151],[138.976,35.236],[139.019,35.33],[139.002,35.399],[138.917,35.41],[138.937,35.449],[139.113,35.537],[139.131,35.672]]],[[[139.746,35.485],[139.741,35.488],[139.741,35.488],[139.736,35.494],[139.744,35.498],[139.747,35.499],[139.756,35.503],[139.759,35.505],[139.759,35.504],[139.76,35.505],[139.769,35.506],[139.779,35.504],[139.776,35.503],[139.779,35.499],[139.762,35.492],[139.759,35.495],[139.757,35.494],[139.758,35.49],[139.747,35.485],[139.746,35.485]]],[[[139.715,35.486],[139.742,35.477],[139.713,35.464],[139.715,35.486]]],[[[139.653,35.463],[139.645,35.469],[139.642,35.468],[139.642,35.469],[139.642,35.472],[139.646,35.475],[139.65,35.474],[139.654,35.472],[139.652,35.471],[139.655,35.469],[139.652,35.467],[139.654,35.465],[139.653,35.463]]],[[[139.696,35.45],[139.673,35.465],[139.693,35.472],[139.696,35.45]]],[[[139.645,35.451],[139.641,35.451],[139.638,35.453],[139.635,35.455],[139.636,35.455],[139.639,35.457],[139.643,35.458],[139.643,35.458],[139.642,35.457],[139.642,35.455],[139.643,35.455],[139.645,35.456],[139.645,35.451]]],[[[139.675,35.4],[139.671,35.402],[139.671,35.403],[139.68,35.41],[139.68,35.41],[139.684,35.409],[139.689,35.413],[139.692,35.41],[139.684,35.403],[139.682,35.404],[139.676,35.4],[139.675,35.4]]],[[[139.691,35.401],[139.691,35.401],[139.695,35.407],[139.691,35.401]]],[[[139.643,35.334],[139.642,35.337],[139.643,35.338],[139.645,35.338],[139.646,35.339],[139.648,35.339],[139.648,35.337],[139.646,35.337],[139.646,35.337],[139.646,35.335],[139.648,35.335],[139.649,35.335],[139.643,35.334]]],[[[139.65,35.294],[139.644,35.3],[139.65,35.305],[139.652,35.307],[139.654,35.306],[139.657,35.303],[139.652,35.299],[139.653,35.297],[139.65,35.294]]],[[[139.63,35.129],[139.622,35.132],[139.619,35.131],[139.618,35.131],[139.615,35.132],[139.611,35.133],[139.611,35.134],[139.61,35.134],[139.61,35.136],[139.61,35.137],[139.617,35.136],[139.622,35.137],[139.626,35.133],[139.626,35.132],[139.629,35.131],[139.63,35.129]]]]}}]}